id,sugar to flour ratio,sugar index,bake temp,chill time,calories,density,pH,grams baking soda,bake time,quality,butter type,weight,diameter,mixins,crunch factor,aesthetic appeal
1001,0.62,19.25,400,41,172,1.0002,7.98,0.67,9.7,0,melted,16.6,7,"nuts, chocolate",1.85,3
1002,0.35,1,520,35,146,0.993,8.45,0.44,10,0,melted,13.8,7,chocolate,1.43,3
1003,0.39,10.4,440,20,142,0.9974,8.2,0.53,10,0,melted,17,7,chocolate,1.57,3
1004,0.33,1.1,570,21,82,0.991,8.32,0.46,10.9,0,melted,12.4,7,"chocolate, oats",1.44,3
1005,0.37,13.5,600,52,192,0.9975,8,0.44,9.1,0,melted,14.8,7,chocolate,1.51,3
1006,0.31,5.5,480,42,173,0.9951,8.19,0.66,9.3,0,melted,12.8,7,raisins,1.86,3
1007,0.35,2.3,530,36,114,0.9924,8.28,0.5,10.2,0,melted,11.6,7,chocolate,1.23,3
1008,0.88,6.2,490,20,124,0.9968,7.99,0.51,9.9,0,melted,20.4,7,"nuts, chocolate",1.36,3
1009,0.36,7,360,45,164,0.9939,8.03,0.33,11,0,melted,15,7,chocolate,1.21,3
1010,0.32,2.4,480,41,200,0.9938,8.5,0.5,9.7,0,melted,12.8,7,"chocolate, oats",1.37,3
1011,0.22,7.3,410,26,157,0.9957,8.44,0.64,9.8,0,melted,12.4,7,chocolate,1.09,3
1012,0.26,4.8,370,36,148,0.9928,8.21,0.41,10.4,0,melted,12.4,7,raisins,1,3
1013,0.23,6.3,390,37,143,0.9944,8.19,0.65,10,0,melted,12.8,7,raisins,1.42,3
1014,0.41,1.3,360,33,85,0.992,8.17,0.51,10.4,0,melted,14.4,7,chocolate,1.69,3
1015,0.3,1.8,330,16,91,0.9906,8.28,0.4,11.8,0,melted,12.6,7,chocolate,1.72,3
1016,0.43,7.8,450,27,153,0.9964,8.19,0.55,9,0,melted,14.8,7,chocolate,1.98,3
1017,0.41,15.6,560,75,155,0.9995,8.2,0.44,8.8,0,melted,13.4,7,"chocolate, oats",1.81,3
1018,0.33,1.1,500,24,169,0.9927,8.15,0.78,9.5,0,melted,12.2,7,raisins,1.63,3
1019,0.43,2,210,20,69,0.99,8.08,0.56,12.2,0,melted,14.6,7,chocolate,1.05,3
1020,0.4,1.5,370,35,107,0.9917,8.46,0.5,11.4,0,melted,12.6,7,chocolate,1.33,3
1021,0.39,1.2,440,26,116,0.992,8.26,0.53,10.3,0,melted,12.6,7,"chocolate, oats",1.15,3
1022,0.34,2.3,450,73.5,214,0.9934,8.18,0.61,9.9,0,melted,14.8,7,"chocolate, oats",1.25,3
1023,0.37,1.6,280,24,102,0.9913,8.29,0.59,11.6,0,melted,13.4,7,chocolate,1.26,3
1024,0.53,18.15,470,59,182,0.9992,8.09,0.52,9.6,0,melted,14.4,7,chocolate,1.97,3
1025,0.34,8.9,430,31,172,0.9964,8.22,0.6,9.2,0,melted,13.4,7,"nuts, chocolate",1.52,3
1026,0.62,10.8,410,70,189,0.9976,8.08,0.49,8.6,0,melted,14.4,7,"nuts, chocolate",1.6,3
1027,0.29,2.25,370,8,210,0.9937,8.19,0.62,9.9,0,melted,13,7,raisins,1.66,3
1028,0.12,1.3,410,62,138,0.9921,8.21,0.42,10,0,melted,13.4,7,chocolate,1.68,3
1029,0.65,10.4,500,76,192,0.9976,8.16,0.42,8.7,0,melted,14.4,7,"nuts, chocolate",1.14,3
1030,0.29,7.5,490,38,158,0.9965,8.43,0.38,9.6,0,melted,14.6,7,chocolate,1.85,3
1031,0.27,1.9,510,52,195,0.9928,8.23,0.5,10.9,0,melted,15.6,7,chocolate,1.25,3
1032,0.33,13.9,460,68,179,0.9971,8.36,0.5,10.4,0,melted,12.6,7,chocolate,1.35,3
1033,0.48,14.2,420,62,204,0.9983,8.06,0.59,9.4,0,melted,14.8,7,raisins,1.34,3
1034,0.26,2.7,380,39,187,0.99325,8.41,0.5,10.8,0,melted,12,7,raisins,1.55,3
1035,0.34,1.6,320,23,128,0.9917,8.37,0.47,11.7,0,melted,13.8,7,raisins,1.54,3
1036,0.4,1.2,470,54,134,0.9932,8.3,0.97,9.8,0,melted,14.2,7,"chocolate, oats",1.01,3
1037,0.36,2.1,340,30,177,0.99085,8.25,0.4,11.9,0,melted,14.6,7,chocolate,1.73,3
1038,0.29,1.6,340,29,118,0.9917,8.3,0.5,11,0,melted,14.6,7,chocolate,1.34,3
1039,0.44,1.9,400,9,121,0.9953,8.19,0.48,9.9,0,melted,17.6,7,raisins,1.63,3
1040,0.32,4.6,570,59,144,0.9956,8.55,0.44,9.4,0,melted,14,7,"chocolate, oats",1.51,3
1041,0.33,1.6,430,63,149,0.9925,8.44,0.52,10.8,0,melted,13.8,7,"chocolate, oats",1.96,3
1042,0.34,1.3,460,6,29,0.9924,8.29,0.63,10.4,0,melted,12,7,chocolate,1.03,3
1043,0.39,1.3,550,32,146,0.993,8.08,0.39,10.5,0,melted,16.6,7,"chocolate, oats",1.51,3
1044,0.22,2.8,360,19,113,0.9926,8.03,0.29,10.2,0,melted,15.2,7,raisins,1.77,3
1045,0.47,11.2,710,44,136,0.9968,7.98,0.88,9.2,0,melted,13.6,7,raisins,1.67,3
1046,0.29,7.6,470,45,232,0.9955,8.35,0.62,10,0,melted,12.4,7,raisins,1.5,3
1047,0.26,4.1,730,36,202,0.9956,8.3,0.67,9.5,0,melted,13.4,7,chocolate,1,3
1048,0.34,2.6,370,33,125,0.9923,8.1,0.49,11.1,0,melted,15,7,"chocolate, oats",1.1,3
1049,0.38,14.8,540,32,126,1.0002,8.22,0.5,9.7,0,melted,16.6,7,chocolate,1.53,3
1050,0.33,4.7,590,31,118,0.9956,8.43,0.39,9,0,melted,13.6,7,"chocolate, oats",1.81,3
1051,0.69,10.2,410,58,160,0.9977,8.06,0.45,8.6,0,melted,14.6,7,raisins,1.81,3
1052,0.34,8.3,370,33,216,0.9976,8.31,0.64,9.7,0,melted,16.2,7,"nuts, chocolate",1.97,3
1053,0.32,1.1,310,15,151,0.9936,8.03,0.41,10.6,0,melted,18.2,7,chocolate,1.61,3
1054,0.3,4.8,370,37,171,0.9967,8.47,0.44,9,0,melted,15.8,7,"chocolate, oats",1.87,3
1055,0.29,16.85,540,23,135,0.9998,8.16,0.38,9,0,melted,15.6,7,raisins,1.41,3
1056,0.33,2,450,31,101,0.9931,8.42,0.55,11.4,0,melted,14.8,7,chocolate,1.7,3
1057,0.46,15.55,370,61,171,0.9986,7.94,0.35,8.8,0,melted,14,7,chocolate,1.8,3
1058,0.16,1.5,490,10,97,0.9917,8.48,0.44,10.7,0,melted,10,7,raisins,1.36,3
1059,0.42,1.15,330,18,96,0.9911,8.2,0.32,12.4,0,melted,16.6,7,raisins,1.81,3
1060,0.37,4.5,300,40,114,0.992,8.17,0.54,12.4,0,melted,15.8,7,"nuts, chocolate",1.46,3
1061,0.38,6.8,360,64,245,0.9951,8.06,0.36,9.3,0,melted,12.4,7,chocolate,2,3
1062,0.33,1.5,470,44,167,0.9928,8.12,0.44,10.5,0,melted,13.6,7,chocolate,1.95,3
1063,0.23,2,290,13,151,0.9931,8.04,0.33,10.4,0,melted,15.2,7,"nuts,raisins",1.4,3
1064,0.32,1.7,320,30,130,0.9911,8.28,0.41,11.2,0,melted,12.4,7,raisins,1.75,3
1065,0.29,5.4,440,31,122,0.994,8.3,0.5,11.1,0,melted,14.8,7,"nuts, chocolate",1.64,3
1066,0.26,1.3,450,16,128,0.9934,8.36,0.6,10,0,melted,13.2,7,chocolate,1.41,3
1067,0.24,14.2,530,19,94,0.9982,8.17,0.5,9.6,0,melted,13.8,7,chocolate,1.57,3
1068,0.49,7.1,500,67,210,0.9951,8.23,0.34,9.5,0,melted,12.6,7,chocolate,1.77,3
1069,0.49,1.2,610,27,117,0.9938,8.08,0.34,9.4,0,melted,16,7,chocolate,1.31,3
1070,0.74,4.45,440,33,130,0.9924,8.25,0.42,12.2,0,melted,16.6,7,chocolate,1.95,3
1071,0.49,5.4,480,54,164,0.9946,8.56,0.44,10.8,0,melted,12.8,7,"chocolate, oats",1.01,3
1072,0.49,3,300,30,96,0.9903,8.13,0.39,12.3,0,melted,14.2,7,chocolate,1.68,3
1073,0.24,3.6,570,13,85,0.9942,7.99,0.48,9.5,0,melted,13.8,7,chocolate,1.38,3
1074,0.49,1.6,500,17,131,0.9956,8.13,0.34,9.4,0,melted,17.8,7,raisins,1.45,3
1075,0.49,1,390,46,131,0.993,8.09,0.51,10.5,0,melted,18,7,"chocolate, oats",1.45,3
1076,0.24,1.8,530,6,121,0.993,8.23,0.7,11.4,0,melted,13.8,7,chocolate,1.54,3
1077,0.49,1,440,29,118,0.9928,8.24,0.36,10.9,0,melted,16.4,7,chocolate,1.83,3
1078,0.49,1.3,460,27,142,0.9936,8.09,0.59,10.2,0,melted,15.6,7,chocolate,1.99,3
1079,0.49,7.7,490,53,217,0.996,8.16,0.4,9.3,0,melted,13.2,7,raisins,1.68,3
1080,0.49,1.4,470,30,114,0.9914,7.92,0.42,10.8,0,melted,13.4,7,chocolate,1.67,3
1081,0.46,15.4,590,32,177,1.0004,8.27,0.58,9,0,melted,16.2,7,chocolate,1.03,3
1082,0.34,5.9,550,33,128,0.9927,7.95,0.51,11.8,0,melted,17.6,7,raisins,1.67,3
1083,0.2,6.6,450,42,170,0.9944,8.36,0.45,10.4,0,melted,12.4,7,raisins,1.78,3
1084,0.28,14.4,550,55,205,0.9986,8.12,0.38,9,0,melted,14.4,7,chocolate,1.02,3
1085,0.26,1.55,410,118.5,216,0.9949,8.55,0.63,9.4,0,melted,13.4,7,chocolate,1.75,3
1086,0.3,4.2,400,41,213,0.9927,8.28,0.49,11.8,0,melted,14,7,chocolate,1.29,3
1087,0.3,4.2,400,41,213,0.9927,8.28,0.49,11.8,0,melted,14,7,chocolate,1.21,3
1088,0.3,1.8,430,25,121,0.9944,8.44,0.61,10.2,0,melted,13.4,7,chocolate,1.72,3
1089,0.36,11.1,330,43,208,0.9969,8.14,0.46,10.3,0,melted,15.8,7,chocolate,1.11,3
1090,0.34,1.6,400,43,148,0.9912,8.32,0.59,11.5,0,melted,13,7,"chocolate, oats",1.87,3
1091,0.31,6,460,29,108,0.9939,8.26,0.5,10.8,0,melted,14,7,chocolate,1.53,3
1092,0.33,1.7,500,28,178,0.9954,8.16,0.43,9,0,melted,18.6,7,chocolate,1.69,3
1093,0.48,2.7,520,24,190,0.995,8.5,0.45,10.9,0,melted,16.4,7,"chocolate, oats",1.34,3
1094,0.44,14.5,450,68,212,0.9986,8.48,0.36,10,0,melted,15.2,7,"nuts, chocolate",1.21,3
1095,0.3,1.1,310,40,99,0.9929,7.94,0.3,10.4,0,melted,18.4,7,chocolate,1.67,3
1096,0.3,9.6,570,50,185,0.9978,8.39,0.38,9.6,0,melted,13.8,7,"chocolate, oats",1.44,3
1097,0.29,4.8,500,33,87,0.994,8.14,0.42,9.9,0,melted,15,7,chocolate,1.72,3
1098,0.28,2.5,460,40,153,0.9921,8.38,0.51,11.4,0,melted,13.4,7,"chocolate, oats",1.01,3
1099,0.3,10.9,370,18,112,0.997,8.4,0.5,9.6,0,melted,14.6,7,chocolate,1.1,3
1100,0.22,1.7,510,50,179,0.9955,8.28,0.69,8.9,0,melted,14.8,7,raisins,1.74,3
1101,0.28,4.5,460,33,102,0.9918,8.16,0.56,12.2,0,melted,15.4,7,"nuts, chocolate",1.63,3
1102,0.35,14,690,42,163,0.999,8.56,0.47,9.8,0,melted,13.2,7,chocolate,1.57,3
1103,0.36,1.8,340,43,150,0.9922,8.42,0.69,11,0,melted,12.8,7,"chocolate, oats",1.93,3
1104,0.26,9.25,340,73,142,0.9945,8.05,0.37,11.4,0,melted,17,7,chocolate,1.5,3
1105,0.27,9.05,390,37,128,0.9936,8.27,0.34,11.3,0,melted,13.8,7,chocolate,1.49,3
1106,0.21,7.1,400,35,162,0.9956,8.39,0.58,9.9,0,melted,12.8,7,chocolate,1.46,3
1107,0.22,10.2,490,57,191,0.9966,8.08,0.4,9.3,0,melted,15.2,7,raisins,1.51,3
1108,0.21,1.5,490,39,184,0.9928,8.18,0.41,9.9,0,melted,13.2,7,raisins,1.87,3
1109,0.23,6.3,510,35,240,0.9963,8.36,0.54,10,0,melted,14.6,7,"chocolate, oats",1.41,3
1110,0.24,15.1,300,34,153,0.9953,8.13,0.51,12,0,melted,14.8,7,"nuts, chocolate",1.91,3
1111,0.33,1,540,24,164,0.9926,8.42,0.51,10.5,0,melted,13.8,7,"chocolate, oats",1.1,3
1112,0.2,11.5,490,44,157,0.998,8.27,0.44,9,0,melted,14.8,7,"nuts, chocolate",1.21,3
1113,0.42,1.6,560,34,181,0.9968,8.11,0.46,10,0,melted,20,7,"raisins, oats",1.16,3
1114,0.3,7.8,490,57,202,0.9958,8.24,0.39,9.5,0,melted,13.2,7,chocolate,1.91,3
1115,0.4,17.85,490,50,185,1,8.34,0.42,9.6,0,melted,14.4,7,chocolate,2,3
1116,0.42,14.3,450,45,213,0.9991,8.18,0.63,9.2,0,melted,15.4,7,raisins,1.04,3
1117,0.33,10.3,390,73,212,0.9969,7.93,0.49,9.5,0,melted,15.8,7,chocolate,1.33,3
1118,0.33,10.3,390,73,212,0.9969,7.93,0.49,9.5,0,melted,15.8,7,chocolate,1.78,3
1119,0.36,5.7,380,26,98,0.9914,7.93,0.59,12.5,0,melted,14.4,7,raisins,1.41,3
1120,0.3,2.1,490,21,153,0.9953,8.09,0.5,9.6,0,melted,16.6,7,chocolate,1.36,3
1121,0.26,1.3,410,20,71,0.9926,8.04,0.74,9.9,0,melted,14.2,7,"chocolate, oats",1.37,3
1122,0.34,9.3,620,40,126,0.9966,8.21,0.39,9.6,0,melted,15.2,7,"chocolate, oats",1.76,3
1123,0.27,1.7,280,10,59,0.9923,7.97,0.48,10.4,0,melted,16.4,7,raisins,1.04,3
1124,0.36,1.6,400,25,87,0.9924,8.23,0.66,10.3,0,melted,13.6,7,chocolate,1.22,3
1125,0.27,4.6,800,34,172,0.9938,8.23,0.39,11.1,0,melted,14.6,7,"chocolate, oats",1.15,3
1126,0.35,1.2,310,27,84,0.9928,8.33,0.34,9.9,0,melted,14.4,7,"chocolate, oats",1.59,3
1127,0.32,7.6,520,35,143,0.9959,8.14,0.38,9,0,melted,13.6,7,raisins,1.92,3
1128,0.3,7.8,490,39,152,0.9954,7.99,0.58,10,0,melted,16.2,7,chocolate,1.58,3
1129,0.42,1.1,510,61,197,0.9932,8.02,0.4,9,0,melted,11.4,7,"nuts, chocolate",1.31,3
1130,0.31,1.4,460,37,135,0.9939,8.34,0.57,10.2,0,melted,14.4,7,"chocolate, oats",1.34,3
1131,0.46,1.4,460,34,185,0.9966,8.02,0.49,10.2,0,melted,19.8,7,peanut butter,1.94,3
1132,0.38,4.3,440,49,172,0.996,8.37,0.74,10.8,0,melted,16.2,7,chocolate,1.63,3
1133,0.13,17.2,360,49,219,0.9996,7.96,0.46,9.7,0,melted,16,7,chocolate,1.53,3
1134,0.31,1,240,13,91,0.993,7.79,0.37,10.1,0,melted,17,7,"chocolate, oats",1.92,3
1135,0.42,6.9,460,50,173,0.9958,8.19,0.46,9,0,melted,13.6,7,raisins,1.15,3
1136,0.3,3.2,300,49,164,0.9927,8.53,0.79,11.7,0,melted,12.6,7,"nuts, chocolate",1.61,3
1137,0.5,12.8,420,57,184,0.9984,8.09,0.46,9,0,melted,15,7,raisins,1.43,3
1138,0.3,14.2,560,53,212.5,0.999,8.14,0.46,8.9,0,melted,15.2,7,chocolate,1.75,3
1139,0.33,14.6,430,47,168,0.9994,8.34,0.67,8.8,0,melted,14,7,chocolate,1.65,3
1140,0.33,14.6,430,47,168,0.9994,8.34,0.67,8.8,0,melted,14,7,chocolate,1.28,3
1141,0.3,8.1,260,14,71,0.993,7.94,0.36,11.8,0,melted,18,7,"nuts,raisins",1.77,3
1142,0.3,8.1,260,14,71,0.993,7.94,0.36,11.8,0,melted,18,7,"nuts,raisins",1.21,3
1143,0.35,0.6,420,11,71,0.9926,8.08,0.38,10.6,0,melted,17.4,7,chocolate,1.58,3
1144,0.27,4.8,280,22,104,0.9948,8.34,0.45,9.2,0,melted,11.2,7,"chocolate, oats",1.57,3
1145,0.43,9.2,460,22,126,0.9982,8.38,0.47,9.3,0,melted,16.6,7,raisins,1.38,3
1146,0.44,6.6,520,28,156,0.9955,8.14,0.41,9.6,0,melted,13.6,7,raisins,1.29,3
1147,0.27,18.15,420,41,146,1.0001,8.3,0.36,8.7,0,melted,13.6,7,chocolate,1.31,3
1148,0.31,4.9,310,20,151,0.9926,8.36,0.82,12,0,melted,13.4,7,raisins,1.69,3
1149,0.33,1.8,360,23,96,0.9925,8.32,0.4,10.8,0,melted,13.4,7,chocolate,1.36,3
1150,0.25,1.6,300,25,126,0.9901,8.22,0.34,12.1,0,melted,14.2,7,raisins,1.29,3
1151,0.3,1.3,570,25,173,0.9948,8.26,0.51,9.1,0,melted,14.6,7,raisins,1.1,3
1152,0.26,5.2,400,31,140,0.995,8.26,0.68,9.5,0,melted,13,7,"chocolate, oats",1.73,3
1153,0.27,5.6,430,43,164,0.9953,8.27,0.76,9.5,0,melted,13.2,7,chocolate,1.86,3
1154,0.19,8,440,51,172,0.9964,8.16,0.44,9.2,0,melted,14.4,7,chocolate,1.98,3
1155,0.19,7.7,450,53,176,0.9958,8.17,0.38,9.5,0,melted,14.4,7,chocolate,1.79,3
1156,0.4,8.9,480,33,146,0.9988,8.4,0.46,9.3,0,melted,16.8,7,chocolate,1.74,3
1157,0.31,10.7,380,59,186,0.9969,8.12,0.55,9.5,0,melted,15.4,7,chocolate,1.41,3
1158,0.25,17.1,500,44,138,1.0001,8.3,0.37,8.8,0,melted,13,7,chocolate,1.19,3
1159,0.32,3.1,410,18,126,0.9914,8.43,0.42,12,0,melted,12.8,7,chocolate,1.38,3
1160,0.28,4.9,350,36,109,0.9918,8.19,0.58,12.2,0,melted,15.4,7,raisins,1.46,3
1161,0.27,2.1,300,22,162,0.9914,7.99,0.68,11.9,0,melted,16.6,7,chocolate,1.34,3
1162,0.26,7.1,540,41,224,0.9966,8.38,0.55,10.1,0,melted,14.4,7,"chocolate, oats",1.82,3
1163,0.52,13.2,470,64,179,0.9982,8.1,0.46,9,0,melted,15,7,chocolate,1.21,3
1164,0.32,2.7,370,18,89,0.9924,8.4,0.74,11.5,0,melted,13,7,"chocolate, oats",1.63,3
1165,0.31,10,540,49,165,0.997,8.4,0.42,9.9,0,melted,14.4,7,chocolate,1.22,3
1166,0.35,15.3,560,31,117,0.9998,8.27,0.5,9.6,0,melted,15.4,7,chocolate,1.15,3
1167,0.33,2.1,520,15,76,0.993,8.2,0.41,10.6,0,melted,14,7,chocolate,1.65,3
1168,0.39,1.9,540,23,91,0.9941,8.27,0.45,10.3,0,melted,15,7,"chocolate, oats",1.27,3
1169,0.45,8.6,520,34,187,0.9994,8.12,0.59,10.2,0,melted,19.6,7,"raisins, oats",1.06,3
1170,0.28,18.8,280,55,130,0.998,7.96,0.35,11.6,0,melted,16.8,7,chocolate,1.17,3
1171,0.3,12.8,530,48.5,229,0.9986,8.14,0.49,9.1,0,melted,14.8,7,"chocolate, oats",1.57,3
1172,0.25,3.8,440,30,114,0.992,8.11,0.4,11,0,melted,14.8,7,chocolate,1.84,3
1173,0.24,6.6,400,38,141,0.995,8.22,0.47,9.5,0,melted,12.6,7,raisins,1.09,3
1174,0.35,10.7,370,34,145,0.9981,8.09,0.32,9.7,0,melted,18.4,7,chocolate,1.54,3
1175,0.26,1.1,370,20,71,0.9902,8.1,0.38,11.7,0,melted,14,7,chocolate,1.33,3
1176,0.35,1.5,390,24,125,0.9918,8.17,0.64,12.2,0,melted,14,7,raisins,1.03,3
1177,0.29,1.4,470,23,107,0.9939,8.52,0.65,10.4,0,melted,14.8,7,"chocolate, oats",1.53,3
1178,0.34,13.8,410,32,161,0.9981,8.13,0.4,9.9,0,melted,17,7,chocolate,1.66,3
1179,0.28,10.8,510,25,157,0.9957,8.06,0.47,11.4,0,melted,16,7,"nuts, chocolate",1.1,3
1180,0.35,9.2,340,42,150,0.9947,8.21,0.36,11.5,0,melted,13.8,7,chocolate,1.36,3
1181,0.31,2.8,540,16,89,0.99416,7.96,0.45,9.5,0,melted,16.8,7,chocolate,1.08,3
1182,0.35,1.6,490,10,164,0.99516,8.35,0.51,9.7,0,melted,13,7,raisins,1.23,3
1183,0.42,8.5,480,10,147,0.9974,8.32,0.46,9.5,0,melted,13.8,7,"nuts, chocolate",1.17,3
1184,0.18,8.2,420,41,180,0.99644,8.16,0.49,9.1,0,melted,14.4,7,chocolate,1.46,3
1185,0.19,7.8,400,48,184,0.99579,8.16,0.5,9.4,0,melted,14.2,7,chocolate,1.87,3
1186,0.2,14.9,600,37,162,0.9983,8.13,0.45,9,0,melted,12.8,7,raisins,1.71,3
1187,0.29,1.7,470,16,100,0.99243,8.28,0.45,10.6,0,melted,14.8,7,chocolate,1.68,3
1188,0.18,7.7,480,45,186,0.9962,8.23,0.47,9,0,melted,12.6,7,chocolate,1.46,3
1189,0.54,17.3,600,46,235,1.00182,8.08,0.61,8.8,0,melted,18.4,7,raisins,1.52,3
1190,0.35,1.4,390,24,128,0.99212,7.97,0.68,10.4,0,melted,14.2,7,"chocolate, oats",1.53,3
1191,0.54,1.4,1570,34,132,0.99449,8.11,0.53,9,0,melted,14.4,7,raisins,1.3,3
1192,0.21,15.7,560,49,159,0.99827,8.11,0.48,9,0,melted,13.8,7,raisins,1.79,3
1193,0.3,1.3,330,25,91,0.99268,8.53,0.39,10.6,0,melted,14.8,7,"chocolate, oats",1.27,3
1194,0.52,1.3,1480,45,149,0.99468,8.08,0.56,8.7,0,melted,14.2,7,"nuts, chocolate",1.42,3
1195,0.25,1.3,470,20,77,0.9933,8.61,0.54,10.2,0,melted,12.8,7,"chocolate, oats",1.82,3
1196,0.22,1.3,460,18,66,0.99307,8.61,0.55,10.3,0,melted,12.6,7,"chocolate, oats",1.13,3
1197,0.26,15.6,490,67,210,0.99907,8.06,0.68,9.5,0,melted,14.8,7,raisins,1.12,3
1198,0.26,15.6,490,67,210,0.99907,8.06,0.68,9.5,0,melted,14.8,7,raisins,1.56,3
1199,0.28,6.5,370,26,97,0.99148,8.16,0.58,12.6,0,melted,14.6,7,"nuts, chocolate",1.98,3
1200,0.28,2.7,470,38,150,0.99365,8.1,0.56,10.8,0,melted,17.2,7,"chocolate, oats",1.23,3
1201,0.42,10.6,420,66,202,0.99674,8.24,0.53,9.5,0,melted,13,7,chocolate,1.73,3
1202,0.18,3.5,270,23,109,0.99018,8.34,0.54,12.8,0,melted,12.6,7,"nuts, chocolate",1.12,3
1203,0.33,2.3,430,28,125,0.99084,8.34,0.44,12.6,0,melted,14.6,7,raisins,1.88,3
1204,0.2,1.4,600,15,168,0.9944,8.06,0.4,9.4,0,melted,15,7,"nuts, chocolate",1.06,3
1205,0.3,5,400,40,143,0.99173,8.33,0.42,12.2,0,melted,14,7,raisins,1.58,3
1206,0.55,14.6,530,34,159,0.99805,7.93,0.44,9.2,0,melted,13.6,7,chocolate,1.46,3
1207,0.62,10.6,450,51,153,0.99779,8.16,0.44,8.8,0,melted,15,7,chocolate,1.48,3
1208,0.35,9.8,670,61,180,0.9972,8.15,0.57,9,0,melted,13,7,chocolate,1.05,3
1209,0.22,13.3,480,46,212,0.99942,8.47,0.59,10,0,melted,15.8,7,raisins,1.71,3
1210,0.29,1.7,350,39,144,0.9927,8.49,0.5,10.5,0,melted,13,7,"chocolate, oats",1.17,3
1211,0.26,12.6,530,44,182,0.99802,8.42,0.42,9.7,0,melted,13.4,7,chocolate,1.26,3
1212,0.73,7.2,990,47,202,0.99582,8.21,0.43,9.2,0,melted,12.4,7,"nuts, chocolate",1.31,3
1213,0.18,3,360,5,85,0.99125,8.28,0.4,11.5,0,melted,12,7,raisins,1.14,3
1214,0.34,1.5,910,42,135,0.9938,8.25,0.49,9.6,0,melted,12.8,7,"chocolate, oats",1.29,3
1215,0.25,17.75,470,25,218,1.00016,7.98,0.66,9.1,0,melted,16.8,7,raisins,1.21,3
1216,0.42,2,470,16,104,0.99517,8.09,0.66,10,0,melted,18.4,7,"chocolate, oats",1.18,3
1217,0.49,2,440,18,107,0.99514,8.1,0.53,10.2,0,melted,18.4,7,"chocolate, oats",1.26,3
1218,0.28,8.2,380,72,202,0.99566,8.12,0.56,10,0,melted,16,7,chocolate,1.96,3
1219,0.41,19.35,700,67,207,1.00118,8.39,0.53,9.1,0,melted,12.2,7,raisins,1.28,3
1220,0.18,7.7,960,28,210,0.99771,8.56,0.72,9.2,0,melted,12.4,7,"nuts, chocolate",1.65,3
1221,0.18,7.7,960,28,210,0.99771,8.56,0.72,9.2,0,melted,12.4,7,"nuts, chocolate",1.02,3
1222,0.17,8.3,420,61,195,0.99577,8.22,0.46,9.4,0,melted,12.8,7,chocolate,1.06,3
1223,0.17,8.4,440,60,198,0.99578,8.21,0.47,9.4,0,melted,12.8,7,chocolate,1.17,3
1224,0.27,17.5,450,48,253,1.00014,8.02,0.56,9.1,0,melted,16.6,7,chocolate,1.57,3
1225,0.35,5.6,340,9,148,0.99441,8.17,0.5,9.8,0,melted,12.8,7,raisins,1.91,3
1226,0.34,2.6,510,40.5,210,0.99314,8.15,0.61,10,0,melted,13.2,7,raisins,1.36,3
1227,0.26,8.2,420,21,133,0.99612,8.43,0.64,9.8,0,melted,13,7,chocolate,1.31,3
1228,0.15,10,370,38,157,0.99642,8.28,0.52,9.4,0,melted,13.2,7,"nuts,raisins",1.76,3
1229,0.36,7.4,370,36,156,0.99592,8.19,0.54,10.6,0,melted,16.2,7,raisins,1.56,3
1230,0.23,10.3,320,12,97,0.99571,8.13,0.4,10.7,0,melted,17.6,7,chocolate,1.19,3
1231,0.21,15.55,430,20,142,0.99658,8.11,0.54,10.1,0,melted,12,7,chocolate,1.48,3
1232,0.24,5.3,750,49,201,0.99466,8.21,0.43,9.5,0,melted,12,7,chocolate,1.83,3
1233,0.23,12.7,540,20,139,0.99836,8.16,0.5,9.7,0,melted,15.2,7,raisins,1.27,3
1234,0.36,18.1,460,32,133,1,8.27,0.48,8.8,0,melted,13.6,7,chocolate,1.42,3
1235,0.4,6.4,390,39,191,0.99513,8.14,0.52,9.8,0,melted,12.8,7,raisins,1.69,3
1236,0.31,5.2,320,36,140,0.99166,8.35,0.47,12.3,0,melted,14.2,7,raisins,1.4,3
1237,0.3,4.7,290,34,148,0.99165,8.36,0.49,12.3,0,melted,13.8,7,raisins,1.07,3
1238,0.29,11.3,340,61,224,0.99683,8.14,0.56,9.5,0,melted,14.6,7,"nuts,raisins",1.69,3
1239,0.33,1.4,290,35,138,0.99114,8.36,0.6,11.5,0,melted,13,7,"chocolate, oats",1.85,3
1240,0.3,1.7,430,19,95,0.99207,8.17,0.46,10.7,0,melted,13.6,7,chocolate,1.71,3
1241,0.14,8.6,320,30,142,0.99542,8.28,0.44,9.5,0,melted,11.8,7,chocolate,1.15,3
1242,0.34,12.1,300,34,177,0.99706,8.13,0.47,10.6,0,melted,18,7,chocolate,2,3
1243,0.25,17.3,460,15,110,0.99828,8.15,0.42,9.2,0,melted,13,7,chocolate,1.41,3
1244,0.14,4.8,520,27,128,0.99475,8.21,0.48,9.4,0,melted,12.4,7,raisins,1.87,3
1245,0.64,12.9,330,54,170,0.998,8,0.53,8.8,0,melted,15.2,7,chocolate,1.99,3
1246,0.16,14.9,480,59,240,0.99902,8.13,0.45,8.9,0,melted,14.6,7,raisins,1.63,3
1247,0.36,7,430,60,207,0.99556,8.16,0.49,9.6,0,melted,13.6,7,chocolate,1.8,3
1248,0.24,8.6,340,25,135,0.99582,8.33,0.59,10.3,0,melted,13.2,7,chocolate,1.24,3
1249,0.42,10.4,380,85,182,0.99628,8.04,0.44,8.9,0,melted,13.4,7,"chocolate, oats",1.35,3
1250,0.4,10,390,74,227,0.99582,8.18,0.5,9.4,0,melted,13,7,chocolate,1.86,3
1251,0.26,18.95,530,36,174,0.99976,8.2,0.5,10.4,0,melted,15.4,7,raisins,1.49,3
1252,0.3,12.8,620,19,171,0.99808,8,0.52,9,0,melted,13.6,7,"chocolate, oats",1.55,3
1253,0.1,1.4,680,25,154,0.99499,8.2,0.48,9.7,0,melted,14.4,7,"nuts, oats, chocolate",1.46,3
1254,0.32,8.2,240,53,209,0.99563,8.12,0.46,10.8,0,melted,15,7,chocolate,1.52,3
1255,0.46,11.1,530,44,177,0.99691,8.18,0.67,9.4,0,melted,12.6,7,chocolate,1.88,3
1256,0.41,14.2,390,47,129,0.99678,8.28,0.72,10.3,0,melted,13,7,"chocolate, oats",1.74,3
1257,0.28,20.4,410,40,144,1.0002,8.14,0.38,8.7,0,melted,13,7,chocolate,1.04,3
1258,0.52,10.1,500,29,140,0.99628,8.07,0.4,9.4,0,melted,13.2,7,raisins,1.41,3
1259,0,1.3,440,72,197,0.99202,8.56,0.43,10.9,0,melted,11.6,7,"nuts, oats, chocolate",1.89,3
1260,0.36,1.2,460,9,71,0.99199,8.7,0.68,10.9,0,melted,11.4,7,"chocolate, oats",1.45,3
1261,0.31,2.3,180,45,80,0.98936,8.06,0.34,12.9,0,melted,14.6,7,chocolate,1.56,3
1262,0.22,5.95,810,76,303,0.99705,8.4,0.57,9.4,0,melted,13.8,7,"nuts, chocolate",1.17,3
1263,0.34,6.6,670,35,156,0.99542,8.11,0.48,9.3,0,melted,13.4,7,raisins,1.07,3
1264,0.34,6.6,300,36,91,0.9914,8.32,0.45,12.5,0,melted,12.4,7,chocolate,1.71,3
1265,0.25,1.6,360,28,143,0.99256,8.3,0.54,10.3,0,melted,13.4,7,chocolate,1.3,3
1266,0.32,1.2,240,20,166,0.99208,8.05,0.54,9.8,0,melted,13.8,7,raisins,1.12,3
1267,0.36,16.3,380,43,133,0.99924,8.26,0.41,8.8,0,melted,13,7,chocolate,1.36,3
1268,0.34,13.7,440,66,184,0.99976,8.22,0.75,8.9,0,melted,15.6,7,chocolate,1.86,3
1269,0.29,1.1,280,18,69,0.99168,8.24,0.54,10,0,melted,10.4,7,chocolate,1.71,3
1270,0.31,6.5,290,53,160,0.99276,8.03,0.38,10.9,0,melted,15,7,"chocolate, oats",1.16,3
1271,0.27,5.2,300,32,101,0.99172,8.22,0.62,12.3,0,melted,15.2,7,"nuts, chocolate",1.34,3
1272,0.32,16.4,450,62,153,0.9972,8.22,0.42,10.5,0,melted,13.8,7,chocolate,1.26,3
1273,0.28,12.4,510,86,213,0.9962,8.16,0.51,9.9,0,melted,13,7,raisins,1.99,3
1274,0.34,2.6,490,13,135,0.99335,8.09,0.51,10,0,melted,15.8,7,"nuts,raisins",1.35,3
1275,0.28,4.8,340,25,100,0.99026,8.08,0.47,12.4,0,melted,13.6,7,raisins,1.85,3
1276,0.19,12.3,480,54,145,0.99668,8.16,0.42,9.3,0,melted,12.6,7,chocolate,1.29,3
1277,0.33,11.8,570,48,127,0.99693,8.1,0.55,10,0,melted,14.6,7,chocolate,1.89,3
1278,0.34,1.8,450,96,170,0.99035,8.38,0.9,11.8,0,melted,11.6,7,"chocolate, oats",1.08,3
1279,0.36,1.4,360,38,108,0.99006,8.19,0.66,12,0,melted,13.6,7,"chocolate, oats",1.15,3
1280,0.3,6.6,250,15,138,0.99126,8.18,0.46,12.6,0,melted,14.2,7,"nuts, chocolate",1,3
1281,0.34,11.8,590,42,240,0.99882,8.17,0.52,10,0,melted,17.2,7,raisins,1.5,3
1282,0.35,5.8,550,25,144,0.99576,8.24,0.54,10.2,0,melted,15.4,7,"chocolate, oats",1.44,3
1283,0.15,1.3,600,51,154,0.99354,8.14,0.51,8.7,0,melted,12,7,chocolate,1.38,3
1284,0.34,1.2,480,4,119,0.99084,8.18,0.34,12.1,0,melted,15.4,7,raisins,1.3,3
1285,0.29,10.8,280,17,118,0.99356,8.18,0.37,11.2,0,melted,12.8,7,chocolate,1.64,3
1286,0.36,1.9,430,24,111,0.99237,8.29,0.54,11.3,0,melted,15.2,7,chocolate,1.65,3
1287,0.6,65.8,740,8,160,1.03898,8.39,0.69,11.7,0,melted,15.6,7,"raisins, oats",1.2,3
1288,0.25,20.2,830,35,157,0.99976,8.17,0.5,9.1,0,melted,12.8,7,chocolate,1.09,3
1289,0.3,2.2,330,39,107,0.98894,8.22,0.53,13.5,0,melted,13,7,raisins,1.51,3
1290,0.53,10.1,530,37,151,0.9963,8.07,0.4,9.4,0,melted,13.6,7,raisins,1.21,3
1291,0.32,14,310,16,99,0.99437,8.26,0.38,11.5,0,melted,11,7,"chocolate, oats",1.27,3
1292,0.26,1.6,400,36,123,0.99238,8.34,0.44,10.8,0,melted,14.6,7,chocolate,1.36,3
1293,0.71,11.8,380,52,148,0.99801,8.03,0.46,8.9,0,melted,15,7,"chocolate, oats",1.28,3
1294,0.72,9.6,390,53,151,0.99802,8.03,0.46,8.9,0,melted,15,7,"chocolate, oats",1.96,3
1295,0.48,6.1,420,60,184,0.99566,8.2,0.5,9.4,0,melted,14,7,chocolate,1.23,3
1296,0.31,2.7,490,25,153,0.99067,8.44,0.73,12.2,0,melted,11.6,7,raisins,1.08,3
1297,0.31,3.6,250,22,100,0.99066,7.99,0.47,12.1,0,melted,15.6,7,chocolate,1.12,3
1298,0.47,10.6,520,69,148,0.9958,7.91,0.34,9.3,0,melted,12,7,"chocolate, oats",1.38,3
1299,0.46,6.2,560,42,241,0.9968,8.5,0.6,9.9,0,melted,13.2,7,"nuts, chocolate",1.86,3
1300,0.34,11.6,500,59,140,0.99526,8.22,0.4,10.8,0,melted,13.2,7,chocolate,1.3,3
1301,0.28,3.4,480,22,112,0.99188,8.21,0.37,11.3,0,melted,14.4,7,"nuts, chocolate",1.52,3
1302,0.29,0.9,340,34,89,0.98936,8.14,0.36,11.1,0,melted,11.6,7,chocolate,1.91,3
1303,0.38,1.3,460,24,90,0.99232,8.2,0.47,10,0,melted,11.8,7,chocolate,1.1,3
1304,0.37,10,1690,22,210,0.99776,8.02,0.64,9.5,0,melted,15.4,7,"nuts, chocolate",1.16,3
1305,0.39,1,410,37,154,0.99093,8.08,0.43,11.9,0,melted,15.8,7,chocolate,1.04,3
1306,0.26,5,270,46,143,0.9924,8.25,0.43,11.2,0,melted,13.8,7,raisins,1.9,3
1307,0.58,1.25,340,29,129,0.98984,8.51,0.6,12,0,melted,11.2,7,"chocolate, oats",1.03,3
1308,0.32,1.6,280,12,90,0.99008,8.57,0.52,12.2,0,melted,10.2,7,"chocolate, oats",1.93,3
1309,0.39,1,280,40,101,0.99156,8.57,0.59,10.6,0,melted,10.6,7,"chocolate, oats",1.47,3
1310,0.38,1.7,370,20,84,0.99046,8.09,0.53,11.4,0,melted,13.4,7,"chocolate, oats",1.97,3
1311,0.32,1.6,450,38,95,0.98946,8.23,0.94,12.4,0,melted,11.6,7,chocolate,1.22,3
1312,0.3,1.1,290,24,88,0.98883,8.18,0.39,11.7,0,melted,11.4,7,raisins,1.87,3
1313,0.36,11.1,320,21,132,0.99313,7.95,0.39,13,0,melted,16.8,7,raisins,1.11,3
1314,0.3,4.7,410,40,148,0.9932,8.16,0.35,10.2,0,melted,13.8,7,chocolate,1.9,3
1315,0.36,1.4,440,22,68,0.99014,8.15,0.5,11.7,0,melted,12.8,7,"chocolate, oats",1.79,3
1316,0.46,9.7,540,67,234,0.99848,8.23,0.5,9,0,melted,13.4,7,"nuts, chocolate",1.54,3
1317,0.28,0.8,320,25,78,0.99104,7.99,0.38,11.1,0,melted,17.2,7,"chocolate, oats",1.2,3
1318,0.26,1.7,730,40,157,0.9938,8.1,0.46,9.8,0,melted,15.2,7,raisins,1.41,3
1319,0.25,1.1,350,26,81,0.9902,8.31,0.52,11.4,0,melted,11.4,7,chocolate,1.84,3
1320,0.32,2.2,280,36,92,0.99076,8.27,0.59,11.9,0,melted,13,7,chocolate,1.03,3
1321,0.3,1.2,460,49,199,0.99413,8.03,0.38,9.3,0,melted,15.4,7,"chocolate, oats",1.88,3
1322,0.38,1,410,22,81,0.99043,8.03,0.54,11.4,0,melted,13.8,7,"chocolate, oats",1.37,3
1323,0.38,1,410,22,81,0.99043,8.03,0.54,11.4,0,melted,13.8,7,"chocolate, oats",1.12,3
1324,0.28,2.2,190,15,65,0.9902,8.06,0.52,11.2,0,melted,11.4,7,chocolate,1.51,3
1325,0.4,11.9,320,13,92,0.99629,8.01,0.46,10.8,0,melted,14.8,7,chocolate,1.31,3
1326,0.3,7.8,380,67,196,0.99555,8.1,0.5,10.1,0,melted,15.4,7,chocolate,1.17,3
1327,0.4,1.3,410,81,147,0.9901,8.22,0.95,11.6,0,melted,11.2,7,chocolate,1.86,3
1328,0.29,10.3,390,41,98,0.99564,8.19,0.38,9.8,0,melted,14,7,"chocolate, oats",1.22,3
1329,0.3,8.7,220,14,111,0.99576,8.11,0.61,10.6,0,melted,14.4,7,raisins,1.48,3
1330,0.34,14.05,400,41,114,0.99634,8.07,0.59,11,0,melted,15.4,7,"chocolate, oats",1.35,3
1331,0.38,13.1,1120,14,94,0.99792,8.02,0.48,9.2,0,melted,13.8,7,raisins,1.8,3
1332,0.39,9.6,260,34,124,0.99286,8.18,0.35,12.1,0,melted,13.6,7,raisins,1.17,3
1333,0.28,11.1,330,30,97,0.99507,8.03,0.39,10.5,0,melted,17,7,chocolate,1.68,3
1334,0.3,10.55,370,4,28,0.99184,8.07,0.32,12.7,0,melted,13.8,7,raisins,1.26,3
1335,0.36,0.8,340,32,111,0.98942,8.11,0.5,12.1,0,melted,13,7,raisins,1.87,3
1336,0.27,10.9,380,29,130,0.99496,8.11,0.44,10.5,0,melted,13.2,7,chocolate,1.81,3
1337,0.36,1.2,340,26,111,0.99074,8.16,0.51,11,0,melted,12.6,7,"chocolate, oats",1.28,3
1338,0.32,1.1,360,74,184,0.99096,8.22,0.41,11,0,melted,12.4,7,"chocolate, oats",1.71,3
1339,0.32,4.5,320,58,178,0.98956,8.45,0.31,12.6,0,melted,10,7,chocolate,1.47,3
1340,0.3,8.25,200,14,104,0.99362,7.99,0.44,11.4,0,melted,14.4,7,raisins,1.57,3
1341,0.35,11.7,290,3,46,0.99439,8.02,0.34,11.8,0,melted,16.8,7,raisins,1.27,3
1342,0.29,4.6,460,6,88,0.99458,8.34,0.48,10.6,0,melted,13.6,7,chocolate,1.78,3
1343,0.22,11.7,350,44,150,0.99578,8.1,0.45,10.4,0,melted,14.8,7,raisins,1.97,3
1344,0.29,14.8,240,22,142,0.99518,8.12,0.48,12,0,melted,14.2,7,"nuts, chocolate",1.66,3
1345,0.29,14.8,240,22,142,0.99518,8.12,0.48,12,0,melted,14.2,7,"nuts, chocolate",1.76,3
1346,0.34,3.5,540,26,189,0.99489,8.42,0.58,10.4,0,melted,13.6,7,chocolate,1.03,3
1347,0.45,2.1,270,43,104,0.99054,8.02,0.52,11.3,0,melted,13,7,chocolate,1.97,3
1348,0.29,12.2,440,59,196,0.99782,8.14,0.4,8.8,0,melted,12.6,7,chocolate,1.1,3
1349,0.41,16.8,370,58,173,0.99882,8.25,0.57,9.4,0,melted,12.4,7,raisins,1.84,3
1350,1,1.1,1540,46,114,0.9931,7.95,0.43,9.2,0,melted,14.4,7,chocolate,1.62,3
1351,0.66,10.2,430,78,175,0.9945,7.98,0.43,10.4,0,melted,11.2,7,chocolate,1.58,3
1352,0.54,7,460,58,176,0.99454,8.19,0.7,10.4,0,melted,12.4,7,chocolate,1.35,3
1353,0.43,6.1,290,6,76,0.99118,8.08,0.5,12.5,0,melted,14,7,"nuts,raisins",1.29,3
1354,0.4,1.5,420,23,87,0.98972,8.11,0.46,12.2,0,melted,12.8,7,"chocolate, oats",1.55,3
1355,0.34,4.9,320,9,125,0.99253,8.32,0.81,12,0,melted,13.2,7,raisins,1.5,3
1356,0.54,7,460,58,176,0.99454,8.19,0.7,10.4,0,melted,12.4,7,chocolate,1.96,3
1357,0.4,9.9,360,24,88,0.9951,8.02,0.42,10.5,0,melted,17,7,chocolate,1.98,3
1358,0.34,9.5,410,38,201,0.995,8.14,0.44,10.1,0,melted,12.2,7,chocolate,1.51,3
1359,0.37,1.5,240,12,76,0.98876,7.94,0.39,12.3,0,melted,12.6,7,raisins,1.24,3
1360,0.35,2.6,300,33,78,0.99146,8.22,0.72,11.3,0,melted,13.2,7,"chocolate, oats",1.45,3
1361,0.52,3.2,430,28,152,0.99129,8.02,0.53,11.4,0,melted,15.2,7,chocolate,1.16,3
1362,0.45,2.3,450,40,118,0.99064,8.16,0.48,11.9,0,melted,14,7,chocolate,1.6,3
1363,0.49,4.9,320,3,18,0.99368,7.85,0.54,10,0,melted,19.4,7,chocolate,1.64,3
1364,0.34,10.9,380,25,84,0.99432,8.11,0.34,10.9,0,melted,14,7,chocolate,1.99,3
1365,0.45,2.3,450,40,118,0.99064,8.16,0.48,11.9,0,melted,14,7,chocolate,1.83,3
1366,0.49,2.5,470,20,130,0.99178,8.15,0.48,11.1,0,melted,15.2,7,chocolate,1.52,3
1367,0.36,4.5,540,31,203,0.99513,8.4,0.57,10.4,0,melted,13.8,7,raisins,1.12,3
1368,0.34,1.6,430,24,129,0.99305,8.12,0.7,10.4,0,melted,15.2,7,chocolate,2,3
1369,0.22,5.5,370,10,86,0.99156,8.46,0.44,12.2,0,melted,11,7,"chocolate, oats",1.61,3
1370,0.38,2.1,430,10,98,0.99296,8.17,0.65,11,0,melted,15.2,7,raisins,1.05,3
1371,0.38,1.5,390,37,122,0.98972,8.2,0.43,12,0,melted,12.2,7,chocolate,1.57,3
1372,0.38,2.5,470,30,148,0.98964,8.17,0.43,12.7,0,melted,13,7,raisins,1.06,3
1373,0.27,0.9,400,52,103,0.99026,8.5,0.39,11.2,0,melted,11.2,7,"chocolate, oats",1.01,3
1374,0.43,6.4,420,34,115,0.99293,8.05,0.51,10.8,0,melted,13.8,7,chocolate,1.5,3
1375,0.39,11.9,570,51,221,0.99851,8.26,0.51,8.9,0,melted,13.2,7,raisins,1.48,3
1376,0.47,7.5,270,12,88,0.9907,8.38,0.45,14,0,melted,11.6,7,raisins,1.84,3
1377,0.36,17.2,390,37,130,0.99946,8.23,0.43,8.8,0,melted,12.4,7,chocolate,1.99,3
1378,0.34,7.4,200,38,133,0.99212,8.18,0.44,12,0,melted,13.6,7,raisins,1.41,3
1379,0.37,4.8,190,39,114,0.99036,8.08,0.49,12.7,0,melted,14.2,7,raisins,1.07,3
1380,0.35,8.6,380,37,125,0.9916,8,0.32,12.4,0,melted,13.8,7,raisins,1.69,3
1381,0.41,1,400,17,76,0.98988,8.14,0.56,11.4,0,melted,12.4,7,"chocolate, oats",1.24,3
1382,0.36,6.4,550,42,123,0.99318,8.11,0.5,11,0,melted,14,7,"chocolate, oats",1.93,3
1383,0.33,1,380,23,131,0.99164,8.25,0.45,9.8,0,melted,11,7,"chocolate, oats",1.35,3
1384,0.24,1.6,450,39,164,0.99402,8.53,0.58,10.8,0,melted,13.6,7,chocolate,1.78,3
1385,0.2,1.7,330,17,74,0.99002,8.34,0.48,12.3,0,melted,10.4,7,raisins,1.65,3
1386,0.28,3.7,450,57,151,0.9913,8.22,0.27,11.2,0,melted,11.4,7,"chocolate, oats",1.24,3
1387,0.3,2.5,460,38,125,0.99276,8.34,0.5,9.9,0,melted,11.4,7,chocolate,1.21,3
1388,0.39,6,350,44,141,0.99123,8.11,0.33,12.5,0,melted,13.8,7,chocolate,1.7,3
1389,0.24,3.3,340,29,99,0.99031,8.1,0.4,12.3,0,melted,13.2,7,raisins,1.71,3
1390,0.29,2.5,590,37,115,0.99328,8.09,0.37,9.8,0,melted,15.2,7,chocolate,1.8,3
1391,0.37,4.5,390,41,147,0.9921,8.18,0.4,11.1,0,melted,12.8,7,chocolate,1.06,3
1392,0.31,14.5,450,39,193,0.9986,8.1,0.5,9.2,0,melted,14.8,7,"chocolate, oats",1.99,3
1393,0.31,14.5,450,39,193,0.9986,8.1,0.5,9.2,0,melted,14.8,7,"chocolate, oats",1.22,3
1394,0.31,3.6,300,36,92,0.99026,8.22,0.62,12.6,0,melted,13,7,chocolate,1.74,3
1395,0.32,10.5,300,34,105,0.99407,8.11,0.42,11.8,0,melted,16.2,7,chocolate,1.78,3
1396,0.31,1.4,390,40,129,0.99193,8.45,0.59,10.9,0,melted,12.2,7,chocolate,1.12,3
1397,0.02,0.9,430,32,99,0.99226,8.14,0.47,9.8,0,melted,13,7,"nuts, chocolate",1.61,3
1398,0.36,9.2,610,42,214,0.9976,8.31,0.56,9.4,0,melted,13.2,7,raisins,1.07,3
1399,0.29,1.8,440,21,115,0.99166,8.1,0.38,10.2,0,melted,12.8,7,"chocolate, oats",1.01,3
1400,0.3,2.3,510,20,127,0.98964,8.13,0.52,12.8,0,melted,13,7,raisins,1.93,3
1401,0.25,6.4,350,38,103,0.99148,7.91,0.23,12.2,0,melted,16,7,raisins,1.78,3
1402,0.37,1,430,10,80,0.99128,8.08,0.38,11.4,0,melted,15.6,7,chocolate,1.59,3
1403,0.35,2.3,390,43,109,0.99056,8.34,0.44,11.8,0,melted,12.6,7,chocolate,1.5,3
1404,0.32,8.7,290,31,105,0.99146,8,0.34,12.3,0,melted,13.6,7,raisins,1.93,3
1405,0.3,1.9,330,41,142,0.98912,8.29,0.42,12.8,0,melted,12,7,raisins,1.71,3
1406,0.37,1.1,360,31,96,0.98942,8.16,0.48,12,0,melted,11.6,7,"chocolate, oats",1.3,3
1407,0.28,13.55,480,51,189,0.99782,8,0.6,9.5,0,melted,13.8,7,raisins,1.09,3
1408,0.28,15.2,460,6,41,0.99665,8.17,0.39,10.9,0,melted,14.4,7,chocolate,1.72,3
1409,0.28,1.1,340,47,90,0.98862,8.22,0.38,12.6,0,melted,12,7,chocolate,1.01,3
1410,0.49,1.3,330,12,72,0.99072,8.05,0.53,11.3,0,melted,14.2,7,"chocolate, oats",1.1,3
1411,0.28,10.6,390,32,117,0.99355,8.05,0.55,11.5,0,melted,14,7,chocolate,1.95,3
1412,0.32,4.9,460,50,156,0.99316,8.38,0.55,11.2,0,melted,12.8,7,chocolate,1.97,3
1413,0.32,7.8,520,52,183,0.99657,8.39,0.65,9.5,0,melted,12.2,7,raisins,1.52,3
1414,0.33,7.4,370,25,95,0.99268,8.25,0.49,11.1,0,melted,11.2,7,raisins,1.99,3
1415,0.32,7.8,520,52,183,0.99657,8.39,0.65,9.5,0,melted,12.2,7,raisins,1.97,3
1416,0.4,11.6,320,34,214,0.9963,8.1,0.51,9.8,0,melted,14.4,7,raisins,1.9,3
1417,0.3,2.1,310,50,163,0.9895,8.39,0.43,12.7,0,melted,12.2,7,raisins,1.28,3
1418,0.49,20.15,600,30,145,1.00196,8.01,0.44,8.5,0,melted,15.2,7,chocolate,1.78,3
1419,0.26,10.05,390,63,162,0.99375,8.33,0.5,11.2,0,melted,11.6,7,chocolate,1.42,3
1420,0.27,1.3,370,30,86,0.98834,8.05,0.59,12.9,0,melted,12.4,7,chocolate,1.18,3
1421,0.28,1.1,340,26,83,0.98928,8.25,0.33,12.3,0,melted,13,7,chocolate,1.63,3
1422,0.27,5,350,14,97,0.99058,8.1,0.33,11.8,0,melted,11.8,7,chocolate,1.15,3
1423,0.32,6,330,59,128,0.99192,8.19,0.71,12.1,0,melted,13.2,7,"chocolate, oats",1.25,3
1424,0.3,6.9,380,23,89,0.99266,8.25,0.49,11.1,0,melted,11.2,7,raisins,1.32,3
1425,0.34,1.9,400,41,108,0.99,8.25,0.45,12.9,0,melted,13.6,7,"chocolate, oats",1.43,3
1426,0.27,10.3,470,54,219,0.99742,8.04,0.45,8.8,0,melted,13.2,7,chocolate,1.77,3
1427,0.36,1.1,310,27,93,0.98884,8.23,0.34,13.2,0,melted,13.2,7,"chocolate, oats",1.68,3
1428,0.28,12,560,68,143,0.9983,7.99,0.3,9.2,0,melted,15.2,7,chocolate,1.74,3
1429,0.19,1.1,640,36,191,0.99297,8.05,0.5,9.5,0,melted,13,7,chocolate,1.36,3
1430,0.24,1.8,370,39,150,0.9913,8.05,0.44,11.8,0,melted,15.2,7,raisins,1.37,3
1431,0.28,4.7,390,34,94,0.98964,8.22,0.57,13.1,0,melted,11.8,7,raisins,1.45,3
1432,0.31,7.4,410,7,81,0.99254,8.04,0.47,11.4,0,melted,13.4,7,chocolate,1.09,3
1433,0.44,1,570,24,111,0.99158,8.09,0.32,11.2,0,melted,16,7,chocolate,1.21,3
1434,0.36,8.4,420,42,123,0.99473,8.34,0.52,10.9,0,melted,13.4,7,chocolate,1.37,3
1435,0.3,3,360,30,124,0.98922,8.31,0.4,13.1,0,melted,12.2,7,raisins,1.1,3
1436,0.45,14.3,540,30,181,0.99869,8.14,0.57,9.1,0,melted,13.4,7,chocolate,1.79,3
1437,0.34,1.4,290,29,133,0.99108,8.33,0.64,11.5,0,melted,13,7,"chocolate, oats",1.9,3
1438,0.28,4.9,420,21,155,0.99385,8.36,0.57,10.9,0,melted,15,7,raisins,1.59,3
1439,0.28,2.4,360,35,115,0.98936,8.19,0.44,13.5,0,melted,14.2,7,raisins,1.17,3
1440,0.25,10.7,460,66,179,0.99606,8.17,0.55,9.9,0,melted,12.8,7,chocolate,1.84,3
1441,0.24,11,410,75,167,0.99508,7.98,0.56,10.5,0,melted,14,7,chocolate,1.62,3
1442,0.62,7.5,380,46,132,0.99143,8.23,0.43,13.4,0,melted,13.8,7,raisins,1.54,3
1443,0.27,6.3,280,40,132,0.99186,8.37,0.4,11.6,0,melted,10.6,7,raisins,1.61,3
1444,0.27,6.3,280,40,132,0.99186,8.37,0.4,11.6,0,melted,10.6,7,raisins,1.89,3
1445,0.29,8.6,530,65,146,0.9963,8.11,0.32,9.8,0,melted,15.2,7,chocolate,1.61,3
1446,0.27,3.1,340,28,134,0.9897,8.26,0.38,13.1,0,melted,14.2,7,raisins,1.03,3
1447,0.46,6.4,360,17,85,0.99279,8.1,0.78,11.7,0,melted,14.4,7,chocolate,1.15,3
1448,0.35,7.2,460,45,178,0.9955,8.14,0.53,9.7,0,melted,14.4,7,raisins,1.47,3
1449,0.31,1.2,310,27,80,0.98892,8.03,0.33,12.7,0,melted,14.4,7,chocolate,1.28,3
1450,0.25,3.4,240,27,99,0.98959,7.98,0.37,13,0,melted,15.6,7,chocolate,1.71,3
1451,0.2,1.8,310,49,159,0.9919,8.41,0.53,11,0,melted,12,7,raisins,1.47,3
1452,0.29,19.9,390,69,237,1.00037,8.1,0.48,9.2,0,melted,14.6,7,chocolate,1.28,3
1453,0.22,16.65,440,39,110,0.99855,8.24,0.48,9,0,melted,11.4,7,chocolate,1.79,3
1454,0.28,0.9,230,49,87,0.99062,7.92,0.36,11.1,0,melted,16.2,7,chocolate,1.44,3
1455,0.28,4.2,290,7,112,0.9906,8,0.41,12.6,0,melted,15.2,7,raisins,1.25,3
1456,0.27,9.7,360,15,85,0.99406,7.99,0.36,11.2,0,melted,16,7,chocolate,1.32,3
1457,0.28,4.2,290,7,112,0.9906,8,0.41,12.6,0,melted,15.2,7,raisins,1.34,3
1458,0.36,14.6,480,35,161,0.9968,8.14,0.56,10.6,0,melted,14.8,7,chocolate,1.59,3
1459,0.71,17.5,420,21,114,0.99784,7.85,0.5,9.5,0,melted,13.6,7,"chocolate, oats",1.64,3
1460,0.71,17.5,420,21,114,0.99784,7.85,0.5,9.5,0,melted,13.6,7,"chocolate, oats",1.44,3
1461,0.28,4.2,440,52,158,0.992,8.35,0.44,10.7,0,melted,11.2,7,chocolate,1.53,3
1462,0.28,1.1,340,55,108,0.98939,8,0.52,11.9,0,melted,13.2,7,"chocolate, oats",1.23,3
1463,0.24,1.4,330,65,169,0.99043,8.59,0.56,12.3,0,melted,11.6,7,chocolate,1.09,3
1464,0.18,1.8,460,31,114,0.99226,8.27,0.55,10.8,0,melted,13.6,7,"chocolate, oats",1.38,3
1465,0.3,1.2,370,11,95,0.98914,7.96,0.36,12.5,0,melted,14.4,7,chocolate,1.37,3
1466,0.28,26.05,310,27,122,1.00295,8.06,0.42,10.6,0,melted,13.6,7,"nuts, chocolate",1.43,3
1467,0.26,4.7,400,108,168,0.99278,8.07,0.75,10.7,0,melted,12.6,7,chocolate,1.78,3
1468,0.28,26.05,310,27,122,1.00295,8.06,0.42,10.6,0,melted,13.6,7,"nuts, chocolate",1.53,3
1469,0.33,0.9,410,20,117,0.99048,8.21,0.5,11.4,0,melted,14,7,chocolate,1.8,3
1470,0.2,5.7,1180,61,172,0.9946,8.24,0.43,9.5,0,melted,12.8,7,raisins,1.59,3
1471,0.32,2.4,140,34,89,0.99008,8.24,0.66,12.5,0,melted,12.8,7,chocolate,1.8,3
1472,0.33,4.9,470,42,130,0.99283,8.12,0.56,11,0,melted,13.6,7,"chocolate, oats",1.84,3
1473,0.16,2.7,360,34,128,0.98856,8.2,0.53,13.2,0,melted,10.8,7,"nuts,raisins",1.3,3
1474,0.26,11,300,2,82,0.99402,8.07,0.36,11.2,0,melted,13,7,chocolate,1.01,3
1475,0.25,18.8,850,19,111,1.00044,8.1,0.51,8.7,0,melted,14.4,7,chocolate,1.53,3
1476,0.27,9.6,370,19,105,0.99444,8.04,0.37,10.5,0,melted,14.2,7,chocolate,1.56,3
1477,0.41,12.9,440,79.5,183,0.99742,8.24,0.78,10.2,0,melted,13.6,7,"chocolate, oats",1.28,3
1478,0.37,1.6,870,27,177,0.99438,8.09,0.5,9.8,0,melted,15.2,7,raisins,1.37,3
1479,0.27,12,300,39,98,0.99402,8.15,0.34,10.8,0,melted,12,7,"chocolate, oats",1.33,3
1480,0.35,2.5,400,41,186,0.99128,8.32,0.56,12.5,0,melted,14.2,7,chocolate,1.05,3
1481,0.24,4.4,270,37,150,0.991,8.3,0.31,11.5,0,melted,11.2,7,chocolate,1.22,3
1482,0.34,1.2,360,32,96,0.98961,8.06,0.74,11.6,0,melted,12.6,7,chocolate,1.92,3
1483,0.27,1.5,760,24,145,0.99344,8.1,0.52,10.1,0,melted,14,7,raisins,1.75,3
1484,0.23,10.4,490,45,190,0.99754,8.12,0.51,8.8,0,melted,13.2,7,chocolate,1.28,3
1485,0.45,8,380,54,200,0.9956,8.18,0.48,9.5,0,melted,13.2,7,raisins,1.24,3
1486,0.28,6.9,360,46,150,0.99299,8.36,0.44,10.8,0,melted,11.4,7,chocolate,1.13,3
1487,0.26,10.3,410,51,166,0.99382,8.08,0.35,11.6,0,melted,14,7,raisins,1.89,3
1488,0.18,1.4,340,18,135,0.99174,8.32,0.35,10.2,0,melted,11.2,7,chocolate,1.29,3
1489,0.28,14.7,510,29,149,0.99792,7.96,0.39,9,0,melted,14,7,"chocolate, oats",1.85,3
1490,0.28,1.8,400,45,121,0.99043,8.02,0.4,11.9,0,melted,14.8,7,chocolate,1.38,3
1491,0.25,12.5,550,47,134,0.99758,8.3,0.51,9,0,melted,12.4,7,chocolate,1.56,3
1492,0.32,7.4,150,47,124,0.99278,7.99,0.39,11,0,melted,15.6,7,"chocolate, oats",1.72,3
1493,0.35,6.1,250,10,40,0.99244,7.79,0.52,10.9,0,melted,14.8,7,chocolate,1.54,3
1494,0.15,2.1,260,29,130,0.98953,8.39,0.77,13.4,0,melted,10.8,7,"nuts, chocolate",1.27,3
1495,0.28,9.8,420,61,125,0.99532,8.14,0.42,10.2,0,melted,12.2,7,chocolate,1.83,3
1496,0.28,6.1,180,41,103,0.99122,8.24,0.32,12.2,0,melted,13,7,raisins,1.75,3
1497,0.3,1.4,220,38,100,0.99099,8.42,0.57,11.4,0,melted,12.6,7,"chocolate, oats",1.76,3
1498,0.3,9.2,180,23,96,0.9938,8.08,0.29,11,0,melted,15.2,7,chocolate,1.38,3
1499,0.52,8.2,470,52,191,0.99541,8.16,0.47,9.5,0,melted,13.2,7,chocolate,1.45,3
1500,0.5,8,510,46,197,0.99536,8.18,0.47,9.5,0,melted,13,7,chocolate,1.97,3
1501,0.3,1.3,360,7,49,0.99242,7.99,0.73,10.3,0,melted,16.2,7,chocolate,1.21,3
1502,0.21,10.7,980,13,91,0.99657,8.03,0.47,9.3,0,melted,14,7,raisins,1.95,3
1503,0.39,2,570,21,138,0.99176,8.05,0.52,10.9,0,melted,15.8,7,chocolate,1.34,3
1504,0.28,2.2,420,21,177,0.99166,8.2,0.57,11.4,0,melted,14,7,raisins,1.79,3
1505,0.32,8.8,420,18,106,0.99172,8.28,0.33,12.9,0,melted,12.6,7,"nuts, chocolate",1.19,3
1506,0.3,8.8,450,28,131,0.9953,8.12,0.59,9.9,0,melted,13.6,7,"nuts, chocolate",1.52,3
1507,0.2,3.7,390,34,132,0.99158,8,0.38,10.7,0,melted,12.6,7,raisins,1.87,3
1508,0.32,9,230,20,109,0.99262,8.34,0.35,12.6,0,melted,13.4,7,chocolate,1.7,3
1509,0.29,3.1,300,32,123,0.98913,8.41,0.33,13.7,0,melted,11.8,7,"chocolate, oats",1.03,3
1510,0.26,4.6,310,26,120,0.99198,8.4,0.73,12.5,0,melted,13.2,7,raisins,1.25,3
1511,0.27,2.7,490,28,104,0.99224,8.46,0.55,10.3,0,melted,10.8,7,"chocolate, oats",1.57,3
1512,0.38,4.8,400,41,101,0.98968,8.24,0.56,13.1,0,melted,12,7,raisins,1.28,3
1513,0.25,11.1,560,112,177,0.9961,8.08,0.36,9.4,0,melted,12,7,chocolate,1.68,3
1514,0.31,10.2,690,58,170,0.99692,8.18,0.49,9.4,0,melted,13,7,raisins,1.64,3
1515,0.31,7.4,450,34,143,0.99226,8.06,0.55,12.2,0,melted,13.6,7,raisins,1.12,3
1516,0.24,17.8,470,42,111,0.99896,8.1,0.45,8.9,0,melted,12,7,chocolate,1.47,3
1517,0.26,12.1,460,43,127,0.9951,8.16,0.37,10.8,0,melted,12.4,7,chocolate,1.66,3
1518,0.26,8.2,430,28,98,0.99234,7.99,0.31,11.4,0,melted,12.8,7,raisins,1.19,3
1519,0.37,1.5,490,28,129,0.99226,8.15,0.52,10.8,0,melted,14.2,7,chocolate,1.13,3
1520,0.16,6.4,310,21,134,0.99151,8.24,0.46,12.2,0,melted,11.8,7,"nuts, chocolate",1.02,3
1521,0.29,7.7,380,40,179,0.99479,8.23,0.56,10.4,0,melted,13.4,7,chocolate,1.94,3
1522,0.3,12.3,350,72,172,0.9954,7.99,0.57,10.4,0,melted,14,7,chocolate,1.71,3
1523,0.12,1.1,130,4,10,0.99246,8.32,0.36,13.5,0,melted,9.6,7,"nuts, oats, chocolate",1.68,3
1524,0.38,2.8,1440,12,65,0.9908,7.95,0.64,11.4,0,melted,12.2,7,chocolate,1.16,3
1525,0.18,1.9,360,33,106,0.98746,8.21,0.83,14,0,melted,10,7,"nuts, chocolate",1.29,3
1526,0.3,6.2,400,49,139,0.99021,8.17,0.27,13.6,0,melted,14.2,7,raisins,1.16,3
1527,0.28,1.6,370,31,113,0.98779,8.12,0.4,14.2,0,melted,12.8,7,raisins,1.92,3
1528,0.28,1.4,350,28,107,0.98836,8,0.4,13.2,0,melted,13.2,7,raisins,1.09,3
1529,0.34,14.8,570,46,173,0.99751,8.14,0.57,10.2,0,melted,14.6,7,raisins,1.23,3
1530,0.3,2.4,380,30,83,0.98867,8.09,0.36,12.8,0,melted,13.4,7,raisins,1.49,3
1531,0.36,6.7,1850,51.5,151,0.99528,8.17,0.42,9.3,0,melted,13,7,raisins,1.01,3
1532,0.34,1,680,32,143,0.99138,8.24,0.4,10.1,0,melted,9.8,7,raisins,1.97,3
1533,0.27,5.8,320,40,118,0.99088,8.17,0.53,13,0,melted,14.4,7,"nuts,raisins",1.64,3
1534,0.3,2.8,340,33,125,0.99152,8.03,0.49,10.4,0,melted,12.8,7,"chocolate, oats",1.95,3
1535,0.3,2.8,340,33,125,0.99152,8.03,0.49,10.4,0,melted,12.8,7,"chocolate, oats",1.53,3
1536,0.25,12.1,350,54,135,0.99481,8.21,0.4,10.7,0,melted,12.2,7,chocolate,1.07,3
1537,0.27,4.5,360,81,157,0.9928,8.05,0.76,10.7,0,melted,12.6,7,chocolate,1.47,3
1538,0.41,14.6,480,73,223,0.99863,8.16,0.71,9.4,0,melted,14.6,7,chocolate,1.12,3
1539,0.27,8.6,440,45,104,0.99454,8.2,0.37,9.9,0,melted,13.6,7,"chocolate, oats",1.08,3
1540,0.41,14.6,480,73,223,0.99863,8.16,0.71,9.4,0,melted,14.6,7,chocolate,1.49,3
1541,0.31,4.7,380,3,127,0.99186,7.9,0.72,12.1,0,melted,16,7,raisins,1.66,3
1542,0.29,3.1,410,37,144,0.98944,8.22,0.39,12.8,0,melted,12,7,chocolate,1.11,3
1543,0.32,5.9,540,40,152,0.9938,8.2,0.57,10.8,0,melted,13.6,7,chocolate,1.87,3
1544,0.49,5.8,530,25,120,0.9942,8.01,0.98,10.5,0,melted,12.8,7,chocolate,1.44,3
1545,0.48,18,540,56,183,1.00038,7.98,0.61,8.5,0,melted,13,7,"chocolate, oats",1.49,3
1546,0.57,1,600,15,120,0.9924,8.06,0.41,9.5,0,melted,12.8,7,chocolate,1.86,3
1547,0.57,1,600,15,120,0.9924,8.06,0.41,9.5,0,melted,12.8,7,chocolate,1.77,3
1548,0.16,4.4,330,8,109,0.99058,8.35,0.47,12.4,0,melted,12.2,7,"chocolate, oats, peanut butter",1.2,3
1549,0.36,1.3,340,32,98,0.99058,8.02,0.58,11.3,0,melted,13.6,7,"chocolate, oats",1.53,3
1550,0.28,17.55,500,33,154,0.99971,7.94,0.43,9,0,melted,14.4,7,"chocolate, oats",1.37,3
1551,0.27,8,480,41,162,0.99498,8.21,0.51,9.9,0,melted,12.2,7,chocolate,1.84,3
1552,0.26,9.6,500,33,134,0.99608,8.13,0.46,10.4,0,melted,14.8,7,raisins,1.48,3
1553,0.21,1.5,440,21,110,0.99138,8.3,0.57,11,0,melted,11.6,7,chocolate,1.29,3
1554,0.28,8.6,460,37,142,0.99432,8.23,0.53,10.6,0,melted,11.8,7,chocolate,1.46,3
1555,0.27,3.8,470,16,79,0.99173,8.07,0.46,11.3,0,melted,14.6,7,chocolate,1.67,3
1556,0.27,10.7,1100,20,103,0.99672,8.08,0.41,9,0,melted,13.2,7,"nuts, chocolate",1.74,3
1557,0.28,7.9,570,21,82,0.99425,8.26,0.36,10,0,melted,12.8,7,"chocolate, oats",1.34,3
1558,0.23,14.2,370,24,99,0.99528,8.08,0.38,10.6,0,melted,12.6,7,chocolate,1.78,3
1559,0.23,9.5,570,54,166,0.99568,8.23,0.42,10,0,melted,13.8,7,raisins,1.85,3
1560,0.45,1.4,390,36,122,0.99059,8.07,0.47,11.1,0,melted,13.8,7,raisins,1.73,3
1561,0.26,20.3,370,45,150,0.99727,8.04,0.38,12.3,0,melted,13.6,7,raisins,1.13,3
1562,0.22,2.7,430,46,153,0.99238,8.75,0.76,11.3,0,melted,10,7,chocolate,1.17,3
1563,0.31,3.5,460,22,147,0.99024,8.15,0.31,12,0,melted,13,7,"nuts, chocolate",1.45,3
1564,0.5,12.1,490,48,122,0.9973,8.01,0.44,9,0,melted,14.8,7,chocolate,1.46,3
1565,0.22,17.45,540,42,151,0.99853,8.12,0.6,9.3,0,melted,12.6,7,chocolate,1.39,3
1566,0.25,12.1,590,33,171,0.99769,8.14,0.56,8.7,0,melted,12.4,7,raisins,1.98,3
1567,0.26,8.6,480,47,206,0.9964,8.26,0.36,9.1,0,melted,14.8,7,raisins,1.07,3
1568,0.26,8.6,480,47,206,0.9964,8.26,0.36,9.1,0,melted,14.8,7,raisins,1.65,3
1569,0.29,11.9,520,54,160,0.99546,8.03,0.58,10.4,0,melted,13.6,7,chocolate,1.05,3
1570,0.25,15,550,8,120,0.99767,8.19,0.53,9.6,0,melted,12.4,7,chocolate,1.16,3
1571,0.25,15,550,8,120,0.99767,8.19,0.53,9.6,0,melted,12.4,7,chocolate,1.87,3
1572,0.3,13.7,560,33,168,0.99825,7.9,0.44,8.7,0,melted,14.8,7,"chocolate, oats",1.82,3
1573,0.3,13.7,560,33,168,0.99825,7.9,0.44,8.7,0,melted,14.8,7,"chocolate, oats",1.11,3
1574,0.33,3.2,490,68,161,0.99324,8.1,0.69,10.2,0,melted,13.6,7,chocolate,1.03,3
1575,0.4,15.4,520,81,198,0.9986,8.2,0.69,9.4,0,melted,13.8,7,chocolate,1.23,3
1576,0.3,1.4,400,14,63,0.98985,8.2,0.33,12,0,melted,14,7,chocolate,1.29,3
1577,0.24,6.5,440,28,100,0.99348,8.12,0.33,10.2,0,melted,13.4,7,chocolate,1.8,3
1578,0.53,12.9,490,63,139,0.99792,7.94,0.45,9.1,0,melted,15.8,7,raisins,1.59,3
1579,0.42,11.8,410,32,193,0.99624,8.04,0.49,10,0,melted,14.2,7,raisins,1.24,3
1580,0.32,4.6,410,31,180,0.99184,7.92,0.74,12.2,0,melted,16,7,raisins,1.45,3
1581,0.24,12.1,560,68,210,0.99718,8.05,0.5,9.5,0,melted,14,7,"nuts, chocolate",1.14,3
1582,0.11,1.1,290,6,51,0.99076,8.51,0.48,11.2,0,melted,10.6,7,"nuts, chocolate",1.85,3
1583,0.35,6.5,290,26,87,0.99092,8.29,0.44,12.5,0,melted,10.8,7,chocolate,1.2,3
1584,0.37,2.5,660,29,89,0.98964,8.14,0.42,12.7,0,melted,15,7,raisins,1.59,3
1585,0.3,1.2,300,27,80,0.99192,8.05,0.68,10.5,0,melted,15,7,chocolate,1.6,3
1586,0.36,1.8,410,38,90,0.99002,8.27,0.98,11.9,0,melted,11.4,7,chocolate,1.4,3
1587,0.29,4.2,370,69,144,0.99214,8.13,0.74,10.8,0,melted,11.8,7,chocolate,1.08,3
1588,0.48,13.5,380,44,116,0.9982,8.04,0.48,9.2,0,melted,15.2,7,raisins,1.02,3
1589,0.2,1.6,400,26,114,0.99105,8.25,0.45,11.4,0,melted,11.8,7,"chocolate, oats",1.18,3
1590,0.19,2.2,440,39,161,0.99209,8.19,0.43,10.4,0,melted,11,7,chocolate,1.75,3
1591,0.22,5.25,380,44,145,0.99184,8.22,0.4,11.2,0,melted,12.4,7,raisins,1.77,3
1592,0.05,8,360,19,164,0.99269,8.26,0.46,12.2,0,melted,14,7,"nuts,raisins",1.35,3
1593,0.22,5.25,380,44,145,0.99184,8.22,0.4,11.2,0,melted,12.4,7,raisins,1.63,3
1594,0.27,2.3,440,20,117,0.9895,8.31,0.41,12.7,0,melted,12,7,chocolate,1.57,3
1595,0.24,17.8,590,23,124,0.99773,8.3,0.5,10.1,0,melted,11.4,7,chocolate,1.97,3
1596,0.23,8.9,1050,22,155,0.99692,8.01,0.58,9.5,0,melted,14.4,7,raisins,1.93,3
1597,0.24,7.4,440,21,113,0.99462,8.38,0.58,10.5,0,melted,11.8,7,chocolate,1.54,3
1598,0.27,11.5,500,51,133,0.99476,8.22,0.37,10.8,0,melted,12.2,7,chocolate,1.11,3
1599,0.27,1.6,390,36,116,0.99178,8.38,0.57,11,0,melted,13,7,chocolate,1.64,3
1600,0.25,4.8,380,16,121,0.99198,8.36,0.71,12.6,0,melted,13.2,7,raisins,1.95,3
1601,0.29,4.2,430,33,114,0.9902,8.16,0.31,12.5,0,melted,13.8,7,chocolate,1.16,3
1602,0.24,5.4,350,33,115,0.9901,8.12,0.44,12.8933333333,0,melted,13.4,7,"nuts, chocolate",1.91,3
1603,0.28,1,430,45,100,0.99033,8.4,0.41,11.4,0,melted,11.8,7,chocolate,1.42,3
1604,0.27,13.9,570,45,155,0.99807,7.94,0.41,8.8,0,melted,14.6,7,"chocolate, oats",1.11,3
1605,0.29,2,440,15,96,0.99232,8.23,0.64,10.4,0,melted,13.6,7,chocolate,1.15,3
1606,0.35,3.2,340,21,107,0.99195,8.11,0.54,11.1,0,melted,14.2,7,chocolate,1.69,3
1607,0.2,7.5,500,44,179,0.99504,8.18,0.48,9.5333333333,0,melted,13,7,chocolate,1.65,3
1608,0.2,5.8,620,52,203,0.99461,8.17,0.44,9.8,0,melted,14.4,7,raisins,1.33,3
1609,0.25,11.2,480,32,136,0.99663,8.14,0.4,9.5,0,melted,14.2,7,raisins,1.21,3
1610,0.21,9.65,410,36,119,0.99334,7.99,0.34,10.9333333333,0,melted,12.8,7,chocolate,1.39,3
1611,0.23,3.5,380,23,112,0.99157,8.05,0.37,11.3666666667,0,melted,14.2,7,chocolate,1.24,3
1612,0.29,7.3,500,33,143,0.99332,8.31,0.5,11.0666666667,0,melted,11.4,7,raisins,1.48,3
1613,0.31,5,430,54,170,0.9924,8.28,0.52,11,0,melted,12,7,chocolate,1.54,3
1614,0.33,1.2,390,34,97,0.99112,8.11,0.75,11.2,0,melted,14.2,7,chocolate,1.55,3
1615,0.22,9.5,400,30,111,0.99338,8.05,0.31,10.8,0,melted,12.6,7,chocolate,1.97,3
1616,0.44,15.8,570,39,167,0.99804,8.14,0.51,9.2,0,melted,12.4,7,chocolate,1.96,3
1617,0.26,11.8,530,55,173,0.99699,8.11,0.6,9.8,0,melted,14.8,7,chocolate,1.41,3
1618,0.26,11.8,530,55,173,0.99699,8.11,0.6,9.8,0,melted,14.8,7,chocolate,1.87,3
1619,0.28,2.2,400,24,125,0.9917,8.19,0.48,10.5,0,melted,12.4,7,chocolate,1.36,3
1620,0.23,17.3,470,37,118,0.99906,8.08,0.46,8.8,0,melted,13.2,7,chocolate,1.9,3
1621,0.23,17.3,470,37,118,0.99906,8.08,0.46,8.8,0,melted,13.2,7,chocolate,1.76,3
1622,0.52,6.5,470,28,123,0.99418,8.22,0.49,9.9,0,melted,12.4,7,chocolate,1.55,3
1623,0.34,2.8,420,59.5,162,0.99179,8.27,0.47,10.8,0,melted,12.2,7,raisins,1.28,3
1624,0.28,2.8,430,17,67,0.98924,8.21,0.47,13.2,0,melted,13.2,7,raisins,1.28,3
1625,0.26,10.9,600,55,193,0.9969,8.21,0.44,9.4,0,melted,13.8,7,"nuts,raisins",1.29,3
1626,0.3,9.15,510,25,166,0.99339,8.24,0.56,11.3333333333,0,melted,13,7,chocolate,1.16,3
1627,0.31,16.4,510,20,146,0.99834,8.06,0.54,9.1,0,melted,13.4,7,raisins,1.1,3
1628,0.31,16.4,510,20,146,0.99834,8.06,0.54,9.1,0,melted,13.4,7,raisins,1.48,3
1629,0.29,19.3,510,36,174,0.99911,8.14,0.5,9,0,melted,12,7,chocolate,1.02,3
1630,0.27,2.1,420,35,100,0.99094,8.03,0.63,10.9,0,melted,12.8,7,chocolate,1.61,3
1631,0.29,1,420,35,90,0.9908,8.76,0.49,11.3,0,melted,9.4,7,"chocolate, oats",1.79,3
1632,0.33,1.9,360,37,110,0.98945,8.26,0.58,12.4,0,melted,11.4,7,chocolate,1.75,3
1633,0.18,1.2,580,7,108,0.99288,8.23,0.58,9.55,0,melted,11.6,7,chocolate,1.48,3
1634,0.26,4.5,530,17,126,0.9943,8.24,0.46,9.1,0,melted,11.6,7,"nuts,raisins",1.49,3
1635,0.33,2,330,12,74,0.99064,8.29,0.65,12.5,0,melted,13.4,7,raisins,1.61,3
1636,0.17,1.3,610,14,100,0.9925,8.07,0.55,9.5,0,melted,13.4,7,chocolate,1.13,3
1637,0.32,1.1,340,24,110,0.9898,8.36,0.4,12.5,0,melted,12.2,7,chocolate,1.85,3
1638,0.18,9,510,28.5,259,0.9964,8.19,0.5,8.8,0,melted,12.2,7,"nuts, chocolate",1.34,3
1639,0.22,12.7,580,24,183,0.9956,8.32,0.42,11.7,0,melted,11.6,7,"chocolate, oats",1.06,3
1640,0.21,1.3,560,35,121,0.9908,8.32,0.33,11.4,0,melted,11.6,7,"chocolate, oats",1.28,3
1641,0.37,9.1,370,16,76,0.9948,8.05,0.54,11.1,0,melted,13.8,7,chocolate,1.3,3
1642,0.22,14.7,470,51,183,0.998275,8.39,0.6,10.5,0,melted,12.8,7,"nuts, chocolate",1.91,3
1643,0.3,3.9,260,36,105,0.98963,8.26,0.58,12.75,0,melted,11.4,7,chocolate,1.77,3
1644,0.32,9.3,400,22,110,0.9958,8.34,0.54,10.7,0,melted,13.8,7,chocolate,1.35,3
1645,0.15,1.1,290,12,83,0.9898,8.3,0.4,11.4,0,melted,11.6,7,chocolate,1.94,3
1646,0.32,1.2,420,40,98,0.9898,8.42,0.64,11.8,0,melted,9.6,7,"chocolate, oats",1.11,3
1647,0.23,11.8,300,23,158,0.99322,8.41,0.64,11.8,0,melted,10,7,raisins,1.25,3
1648,0.35,10,350,22,108,0.99457,8.12,0.36,11.6,0,melted,16,7,raisins,1.5,3
1649,0.3,2.2,350,26,129,0.989,8.32,0.47,12.9,0,melted,11.6,7,"nuts, chocolate",1.46,3
1650,0.35,6.9,300,45,116,0.99244,7.8,0.54,11,0,melted,13.8,7,chocolate,1.51,3
1651,0.18,2,360,23,129,0.98949,8.36,0.77,13.4,0,melted,10.4,7,"nuts,raisins",1.12,3
1652,0.23,6.65,340,6,158,0.99344,8.05,0.48,11.2,0,melted,16.6,7,"nuts, chocolate",1.33,3
1653,0.38,10.7,380,49,136,0.99366,8.11,0.59,11.2,0,melted,11.6,7,chocolate,1.48,3
1654,0.36,1.2,350,43,126,0.99094,8.01,0.63,11.4,0,melted,13.2,7,chocolate,1.04,3
1655,0.3,1.3,300,25,98,0.98968,8.37,0.43,12.4,0,melted,11.4,7,chocolate,1.25,3
1656,0.22,3.4,350,40,122,0.99024,8.09,0.47,12.3,0,melted,13.6,7,chocolate,1.92,3
1657,0.06,6.8,420,9,84,0.99432,8.44,0.44,10.2,0,melted,11.4,7,"nuts, oats, chocolate",1.69,3
1658,0.28,2.5,350,18,73,0.98868,8.1,0.47,12.8,0,melted,12.6,7,raisins,1.08,3
1659,0.36,8.2,280,44,111,0.99272,8.14,0.41,12.4,0,melted,14.6,7,"chocolate, oats",1.45,3
1660,0.34,6.1,340,31,114,0.99365,8.32,0.58,10.15,0,melted,12.2,7,"chocolate, oats",1.11,3
1661,0.33,6,360,30,111,0.99362,8.32,0.58,10.15,0,melted,12,7,"chocolate, oats",1.92,3
1662,0.49,11.4,350,57,137,0.99732,8.08,0.54,8.9,0,melted,13.2,7,chocolate,1.93,3
1663,0.33,0.7,270,15,66,0.9899,8.11,0.31,11.8,0,melted,13.6,7,raisins,1.04,3
1664,0.32,10.4,620,23,114,0.9966,8.23,0.49,10.5,0,melted,14.4,7,chocolate,1.18,3
1665,0.32,12.5,350,18,156,0.99666,7.88,0.36,9,0,melted,13.4,7,"chocolate, oats",1.32,3
1666,0.32,12.5,350,18,156,0.99666,7.88,0.36,9,0,melted,13.4,7,"chocolate, oats",1.49,3
1667,0.09,7.6,440,34,144,0.9948,8.26,0.38,10.1,0,melted,12.8,7,"nuts, oats, chocolate",1.82,3
1668,0.28,1.4,370,36,83,0.99074,8.33,0.42,10.9,0,melted,11.8,7,"chocolate, oats",1.64,3
1669,0.16,12.55,510,31,115,0.99564,8.4,0.38,10.8,0,melted,11.2,7,chocolate,1.52,3
1670,0.38,2.6,330,10,69,0.9909,8.12,0.59,10.8,0,melted,11,7,raisins,1.96,3
1671,0.32,1.3,440,18,93,0.99044,8.11,0.56,12.25,0,melted,13.2,7,chocolate,1.73,3
1672,0.33,10.7,360,27,98,0.99521,8.34,0.52,10.2,0,melted,12.2,7,raisins,1.77,3
1673,0.36,1.7,420,14,61,0.99144,8.22,0.54,10.8,0,melted,12,7,"chocolate, oats",1.94,3
1674,0.32,3.6,350,36,133,0.99215,8.23,0.46,10.8,0,melted,12,7,chocolate,1.6,3
1675,0.25,2.9,470,289,440,0.99314,8.44,0.64,10.5,0,melted,12.2,7,chocolate,1.69,3
1676,0.36,1.3,350,40,78,0.9891,8.23,0.64,12.1,0,melted,10.2,7,chocolate,1.35,3
1677,0.73,2.2,270,21,92,0.99,8.12,0.48,12.4,0,melted,13.2,7,chocolate,1.5,3
1678,0.26,3.5,350,38,111,0.98872,8.18,0.47,13.6,0,melted,12,7,raisins,1.14,3
1679,0.3,13,470,69,160,0.99705,8.16,0.5,9.6,0,melted,13.6,7,chocolate,1.99,3
1680,0.32,2,340,31,102,0.98952,8.16,0.56,12.3,0,melted,11.8,7,chocolate,1.99,3
1681,0.5,12.1,450,38,127,0.9974,8.04,0.53,8.9,0,melted,13.4,7,raisins,1.57,3
1682,0.33,1.1,390,45,126,0.99051,8.31,0.45,11.6,0,melted,12,7,chocolate,1.51,3
1683,0.46,0.9,330,9,65,0.98934,8.24,0.35,12.1,0,melted,12,7,raisins,1.31,3
1684,0.09,10.9,510,37,131,0.99566,7.93,0.62,9.5,0,melted,13.2,7,chocolate,1.94,3
1685,0.01,3.2,410,18,120,0.99026,8.2,0.94,13.7,0,melted,12.4,7,"nuts, oats",1.26,3
1686,0.25,3.7,310,38,122,0.99128,8.2,0.63,11.2,0,melted,11.6,7,raisins,1.53,3
1687,0.35,5.1,260,17,113,0.99052,8.18,0.67,12.4,0,melted,11.4,7,"nuts, chocolate",1.56,3
1688,0.5,1,1270,63,178,0.99212,8.1,0.45,9.7,0,melted,11.6,7,raisins,1.82,3
1689,0.47,1.3,430,18,131,0.99176,8.19,0.45,11,0,melted,14,7,chocolate,1.31,3
1690,0.35,10.3,420,54,140,0.9967,8.23,0.47,9.2,0,melted,12.8,7,chocolate,1.18,3
1691,0.35,10.3,420,54,140,0.9967,8.23,0.47,9.2,0,melted,12.8,7,chocolate,1.55,3
1692,0.26,1.1,350,40,102,0.99154,8.47,0.56,10.6,0,melted,11.2,7,chocolate,1.5,3
1693,0.24,7.4,380,28,114,0.99313,8.38,0.51,11,0,melted,10.6,7,chocolate,1.97,3
1694,0.44,8.9,550,52,164,0.99488,8.1,0.48,9.6,0,melted,12.8,7,raisins,1.57,3
1695,0.29,3.9,410,22,79,0.99005,8.1,0.59,12.0666666667,0,melted,12.4,7,raisins,1.34,3
1696,0.34,1.4,310,3,60,0.98854,8.27,0.38,13,0,melted,10.6,7,"nuts, oats, chocolate",1.08,3
1697,0.33,10.1,320,8,81,0.99626,8.19,0.51,9.8,0,melted,13.2,7,chocolate,1.49,3
1698,0.4,1.9,150,20,98,0.9897,8.37,0.55,12.05,0,melted,10,7,chocolate,1.56,3
1699,0.42,2.5,380,34,117,0.99132,8.36,0.59,11.6,0,melted,12.4,7,raisins,1.56,3
1700,0,0.8,320,12,82,0.99286,8.25,0.36,8.8,0,melted,11.8,7,"nuts,raisins",1.61,3
1701,0.4,8.1,460,68,170,0.99494,8.15,0.5,9.5333333333,0,melted,13.2,7,raisins,1.81,3
1702,0.17,1.9,350,60,148,0.98964,8.27,0.35,11.5,0,melted,9.8,7,"nuts, chocolate",1.5,3
1703,0.4,8.1,460,68,170,0.99494,8.15,0.5,9.55,0,melted,13.2,7,raisins,1.54,3
1704,0.28,5.7,280,45,121,0.99168,8.21,1.08,12.15,0,melted,12.4,7,chocolate,1.73,3
1705,0.29,2.2,360,25,100,0.98938,8.06,0.44,11.8,0,melted,12.2,7,raisins,1.9,3
1706,0.3,1.1,220,20,110,0.98869,8.34,0.38,12.8,0,melted,11,7,chocolate,1.62,3
1707,0.18,3.8,1760,52,145,0.9986,8.16,0.88,9.2,0,cubed,17.8,7,"nuts, oats, chocolate",1.46,3
1708,0.24,1.8,800,4,11,0.9962,8.28,0.59,9.5,0,cubed,15.2,7,"nuts, chocolate",1.03,3
1709,0.07,2.4,890,17,82,0.9958,8.35,0.54,10.1,0,cubed,13.4,7,"nuts, oats, chocolate",1.67,3
1710,0.04,2.1,680,6,14,0.9955,8.39,0.64,9.4,0,cubed,13.2,7,"nuts,raisins",1.77,3
1711,0.3,2.1,840,11,50,0.9972,8.4,0.61,10.2,0,cubed,16.6,7,"nuts, oats, chocolate",1.01,3
1712,0.14,2.4,670,10,42,0.9969,8.19,0.59,9.5,0,cubed,17.6,7,"nuts, oats, chocolate",1.57,3
1713,0.36,1.6,890,14,37,0.99615,8.34,0.56,9.2,0,cubed,14,7,"nuts, chocolate",1.66,3
1714,0.31,1.8,690,26,120,0.99625,8.29,0.53,9.3,0,cubed,15.6,7,"nuts,raisins",1.06,3
1715,0.16,2,1010,13,49,0.9962,8.14,0.57,11,0,cubed,17.4,7,"nuts, oats, chocolate",1.28,3
1716,0.25,2.6,730,29,63,0.99615,8.37,0.58,10.5,0,cubed,15.4,7,"nuts, chocolate",1.61,3
1717,0.25,2.4,980,5,16,0.9964,8.41,0.6,10.1,0,cubed,13.8,7,raisins,1.52,3
1718,0.38,1.7,620,9,30,0.9968,8.41,0.53,9.5,0,cubed,14.8,7,chocolate,1.64,3
1719,0.5,4.5,1070,5,13,0.998,8.28,0.83,11.5,0,cubed,20.6,7,"nuts, chocolate",1.03,3
1720,0.39,2,610,7,15,0.9981,8.18,0.62,9.5,0,cubed,21.4,7,"nuts, chocolate",1.36,3
1721,0.28,3.2,660,21,114,0.9973,8.22,0.54,9.4,0,cubed,16,7,"nuts,raisins",1.4,3
1722,0.5,2.4,660,10,21,1,8.12,1.18,9.2,0,cubed,24.4,7,raisins,1.59,3
1723,0.67,3,930,6,15,0.9986,8.02,0.93,12,0,cubed,27.6,7,"nuts, chocolate",1.47,3
1724,0.66,2.95,1160,12,29,0.997,8.24,0.75,11.7,0,cubed,21,7,"nuts, chocolate",1.32,3
1725,0.61,2,1120,13,95,0.997,8.16,0.54,9.1,0,cubed,16.8,7,"nuts, oats, chocolate",1.76,3
1726,0.59,2.6,870,13,49,0.9988,8.18,0.65,11,0,cubed,23,7,"nuts,raisins",1.57,3
1727,0.58,3.7,1740,6,16,0.997,8.19,0.7,11.3,0,cubed,20.8,7,raisins,1.32,3
1728,0.55,3.2,760,22,54,0.9996,8.15,0.89,9.9,0,cubed,20.8,7,"nuts, chocolate",1.75,3
1729,0.72,2.2,720,6,29,0.9987,7.88,0.82,9.8,0,cubed,25.2,7,raisins,1.49,3
1730,0.02,1.2,700,36,48,0.9952,8.2,0.58,9.8,0,cubed,17.4,7,"chocolate, peanut butter",1.67,3
1731,0.39,15.5,690,6,23,1.0026,8.12,0.66,9.2,0,cubed,21.2,7,chocolate,1.55,3
1732,0.31,3,860,23,81,1.0002,8.48,0.74,11.6,0,cubed,17.4,7,"nuts, oats, chocolate",1.82,3
1733,0.47,1.9,780,6,24,0.9976,8.18,1.04,10.9,0,cubed,21,7,chocolate,1.03,3
1734,0.49,4.6,730,19,43,0.9978,8.02,0.61,9.5,0,cubed,24.8,7,"nuts, chocolate",1.61,3
1735,0.49,6.3,640,5,17,0.9988,8.21,0.73,11,0,cubed,19,7,"nuts, chocolate",2,3
1736,0.41,3.3,920,26,52,0.9982,8.31,0.53,10.5,0,cubed,17.6,7,"nuts, chocolate",1.32,3
1737,0.51,2.2,790,14,28,0.9982,8.03,0.93,9.8,0,cubed,23,7,raisins,1.13,3
1738,0.45,2.3,710,16,40,0.9991,8.39,0.62,9.4,0,cubed,19.8,7,"nuts,raisins",1.6,3
1739,0.55,2.1,710,5,19,0.9986,8.11,0.62,10.8,0,cubed,23.6,7,raisins,1.76,3
1740,0.28,2.6,780,21,77,0.998,8.28,0.51,9.8,0,cubed,19.8,7,"nuts, oats",1.59,3
1741,0.08,2.7,840,15,48,0.9968,8.21,0.59,10,0,cubed,15.2,7,"nuts, chocolate",1.41,3
1742,0.21,2.5,920,33,88,0.99823,8.19,0.52,9.2,0,cubed,17.6,7,"nuts, chocolate",1.67,3
1743,0.28,2.4,120,36,100,0.99064,8.26,0.39,11.7,0,cubed,13.4,7,chocolate,1.84,3
1744,0.46,1.7,620,26,42,0.9959,8.18,0.83,10.6,0,cubed,19.8,7,chocolate,1.61,3
1745,0,2.1,680,30,35,0.99533,8.48,0.65,11.4,0,cubed,15.2,7,"nuts, oats",1.41,3
1746,0.37,2.3,910,10,23,0.99786,8.24,0.56,10.5,0,cubed,19.2,7,"nuts, chocolate",1.55,3
1747,0.12,1.7,970,19,27,0.99596,8.16,0.49,9.4,0,cubed,15.4,7,raisins,1.21,3
1748,0,2.2,870,3,11,0.99378,8.71,0.63,12.8,0,cubed,11.2,7,"nuts, oats, chocolate",1.43,3
1749,0.36,2.8,1160,26,55,0.99722,8.18,0.68,10.9,0,cubed,19.2,7,"nuts,raisins",1.44,3
1750,0.46,2.2,750,14,27,0.99598,8.06,0.84,11.4,0,cubed,21,7,raisins,1.43,3
1751,0.4,2.2,680,12,28,0.99486,8.27,0.75,12.6,0,cubed,17.8,7,raisins,1.07,3
1752,0.01,1.8,930,9,15,0.99514,8.35,0.58,11,0,cubed,14.6,7,"nuts,raisins",1.78,3
1753,0.65,2.4,750,6,17,0.99565,8.22,0.63,11.8,0,cubed,20.4,7,chocolate,1.03,3
1754,0.53,2.2,600,3,10,0.99572,8.02,0.83,10.9,0,cubed,22.2,7,raisins,1.38,3
1755,0.2,8.1,980,30,92,0.99892,8.2,0.58,9.2,0,cubed,15,7,"nuts, oats",1.4,3
1756,0.56,1.4,470,3,8,0.99471,8.16,0.51,11.8,0,cubed,20.6,7,chocolate,1.61,3
1757,0.08,1.8,740,40,64,0.99529,8.12,0.49,9.6,0,cubed,13.6,7,"nuts, chocolate",1.59,3
1758,0.07,2.5,910,15,21,0.99572,8.38,0.6,11.3,0,cubed,14,7,"nuts, oats, chocolate",1.24,3
1759,0.12,1.8,1780,6,21,0.996,8.28,0.87,9.8,0,cubed,15.6,7,"nuts,raisins",1.49,3
1760,0,2.2,1000,50,63,0.99544,8.59,0.68,11.4,0,cubed,13.2,7,"nuts,raisins",1.47,3
1761,0.51,1.75,710,45,88,0.99524,8.33,0.76,11.8,0,cubed,17,7,"chocolate, oats",1.13,3
1762,0.4,2.5,680,41,54,0.99754,8.38,0.86,10.5,0,cubed,20.4,7,"nuts, chocolate",1.65,3
1763,0.46,2.1,740,24,44,0.99534,8.4,0.85,11,0,cubed,14.4,7,raisins,1.12,3
1764,0.42,1.9,710,5,13,0.99659,8.15,0.75,10.5,0,cubed,19.2,7,raisins,1.82,3
1765,0.29,2.1,750,19,66,0.99718,8.4,0.64,9.5,0,cubed,15.2,7,"nuts, chocolate",1.15,3
1766,0.01,2.6,740,48,90,0.99621,8.38,0.62,10.8,0,cubed,15.6,7,"chocolate, peanut butter",1.77,3
1767,0,2.7,1230,15,33,0.99538,8.44,0.63,11.3,0,cubed,13.6,7,"nuts, oats, chocolate",1.24,3
1768,0.24,1.7,770,18,34,0.9948,8.39,0.6,10.6,0,cubed,13.4,7,"nuts, chocolate",1.55,3
1769,0.02,1.7,840,13,31,0.99538,8.36,0.54,10.5,0,cubed,15,7,"nuts,raisins",1.97,3
1770,0.26,2,830,13,100,0.99586,8.26,0.52,9.9,0,cubed,14.4,7,"nuts,raisins",1.7,3
1771,0.42,2,520,6,24,0.9963,8.44,0.82,11.9,0,cubed,15.2,7,raisins,1.84,3
1772,0.59,2.2,770,3,15,0.9994,8.2,0.78,9.6,0,cubed,20,7,raisins,1.73,3
1773,0.37,15.4,2140,55,95,1.00369,8.18,0.77,9,0,cubed,20.4,7,"nuts,raisins",1,3
1774,0,1.7,520,3,8,0.996,8.41,0.47,10.3,0,cubed,14,7,"nuts,raisins",1.21,3
1775,0.02,1.9,780,18,30,0.99712,8.4,0.75,9.8,0,cubed,13.8,7,"nuts, oats, chocolate",1.01,3
1776,0.19,5.2,940,19,98,0.99713,8.16,0.52,9.6,0,cubed,14.8,7,"nuts, oats",1.68,3
1777,0,2.1,600,6,13,0.99664,8.59,0.61,10,0,cubed,12.4,7,"nuts, oats",1.38,3
1778,0.08,2.3,670,19,32,0.99648,8.52,0.57,11,0,cubed,13.4,7,peanut butter,1.63,3
1779,0.5,13.8,2050,48,82,1.00242,8.16,0.75,8.8,0,cubed,19.8,7,"nuts,raisins",1.9,3
